name,Lat,Long,fclass
French Quarter,29.9594926,-90.0655403,attraction
Riccobono's Panola Street Cafe,29.95192,-90.1204526,cafe
Camellia Grill,29.9437635,-90.1338855,restaurant
Elephant Fountain,29.9227751,-90.1319799,fountain
Cooter Brown's Tavern,29.9424931,-90.1344011,pub
The Green Project,29.9694876,-90.0472967,recycling
The Green Project,29.9694876,-90.0472967,doityourself
Flora Coffee,29.9646516,-90.0512594,cafe
Anna's,29.9649524,-90.0512526,bar
Sound Cafe,29.9635362,-90.0506672,cafe
The Club Ms Mae’s,29.9207396,-90.1012357,bar
Costera,29.92449,-90.1087764,restaurant
St. Joe's Bar,29.9212893,-90.1169407,bar
"The Bulldog, Uptown",29.9234775,-90.0873491,bar
Picnic Provisions & Whiskey,29.9220329,-90.1214102,restaurant
The Vintage,29.9243529,-90.0860432,cafe
Lilette,29.921899,-90.0927089,restaurant
Nirvana Indian Cuisine,29.9207488,-90.1006745,restaurant
Avo,29.9216971,-90.1201416,restaurant
Dragon's Den,29.9619265,-90.0573878,nightclub
Gerken's Bike Shop,29.9687794,-90.0480415,bicycle_shop
Vaughn's Lounge,29.9619053,-90.0335969,pub
Fidelity Homestead,29.9472252,-90.1293278,bank
Lebanon's Cafe,29.9496344,-90.1275583,restaurant
Cafe Freret,29.9415579,-90.1254311,restaurant
La Madeleine,29.9430448,-90.1337009,cafe
Louisiana Pizza Kitchen,29.9431586,-90.1335003,restaurant
Bud's Broiler,29.9474599,-90.1129632,fast_food
Ted's Frostop,29.946943,-90.1136147,restaurant
Felipe's,29.9466673,-90.1129526,restaurant
Robert's Bar and Liquor Store,29.9469449,-90.1132467,pub
Pyramids Cafe,29.9473431,-90.1130233,restaurant
First Cup Café,29.9473887,-90.113296,cafe
Andrew Jackson,29.9574641,-90.0629497,monument
Andrew Jackson,29.9574641,-90.0629497,artwork
Torshi,29.9625727,-90.0577836,restaurant
New Orleans Fire Department Engine 9,29.9621423,-90.0577347,fire_station
Napoleon House,29.9558596,-90.0650706,restaurant
EnVie,29.9614657,-90.0587522,cafe
Hank's,29.9685687,-90.0495802,convenience
Balcony Bar and Cafe,29.9240397,-90.0866108,pub
"Rosa Keller Branch, N.O. Public Library",29.9485762,-90.1040418,library
Garden District Bookstore,29.9301324,-90.0849199,bookshop
Prytania Theatre,29.9251837,-90.1131641,cinema
Bennachin,29.9622245,-90.0608327,restaurant
Walgreens,29.9565614,-90.1203609,pharmacy
Robért Fresh Market,29.9571214,-90.1205407,supermarket
GNO Cyclery,29.9493842,-90.1279315,bicycle_shop
Whitney Carrollton Branch,29.9483802,-90.1289615,bank
"N. O. Public Library, Mid-City Branch",29.9749244,-90.1018232,library
Juan's Flying Burrito,29.9738553,-90.100909,restaurant
Brechtel Park,29.9077585,-90.010631,park
Bush School,29.9338156,-90.097017,school
Cabrini High School,29.9814386,-90.0882369,school
Carlson Park,30.0221464,-90.0714609,park
Christian Brothers School,29.9886877,-90.0916485,school
De Lasalle High School,29.9276073,-90.111972,school
Epiphany School,29.9863139,-90.0642382,school
Ferncrest School,29.991036,-90.0703495,school
Gentilly School,30.023813,-90.0478491,school
Holy Angels Academy,29.9654811,-90.0395153,school
Holy Cross School,30.0136187,-90.0754819,school
Holy Ghost Catholic School,29.9332601,-90.0920188,school
Howard School Number 2,29.9232604,-90.0925726,school
Incarnate Word School,29.9607594,-90.1197954,school
Lake Oaks Park,30.0321462,-90.0575717,park
Lewis School,29.9229826,-90.0786832,school
Live Oak Park,30.0278311,-90.0610225,park
London Park,30.0262096,-90.0726419,park
McDonogh Number 10 School,29.9345741,-90.0843353,school
McDonogh School,29.9396489,-90.1322959,school
14 Parishes,29.9543704,-90.0475712,restaurant
Ninth Ward School,29.9657589,-90.0289595,school
Oak Park Baptist Preschool Center,29.9329945,-90.0070175,school
Orleans Park,30.0232577,-90.0989617,park
Sojourner Truth Academy Charter School,29.9349267,-90.1036608,school
Saint Alphonsus Elementary School,29.9301133,-90.0743952,school
Sacred Heart of Jesus High School,29.9685368,-90.0928502,school
Saint Aloysius High School,29.9654812,-90.0597937,school
Saint Augustine High School,29.9839337,-90.0681539,school
Saint Cecilia School,29.9639635,-90.0330775,school
Saint Francis School,29.9371488,-90.0870168,school
Saint Henry School,29.920205,-90.1000728,school
Saint John Park,30.0236393,-90.0821896,park
Julian Elementary School,29.9375968,-90.028477,school
Saint Marys Dominican High School,29.9565049,-90.1140852,school
Saint Matthew School,29.9481072,-90.1283057,school
Saint Pius X Elementary School,30.024123,-90.0911784,school
Saint Rita Catholic Central School,29.9545195,-90.1146221,school
Schwarz Alternative School,29.9396456,-90.0472984,school
Andrew H Wilson Charter School,29.9463025,-90.1024794,school
Rome Park,30.0218687,-90.0561826,park
Retif Park,30.0215911,-90.1200734,park
Miller McCoy Academy Charter School for Math and Business,30.0224451,-90.0030267,school
Holy Name of Mary School,29.95061,-90.04964,school
Saint Mary of Angels School,29.9618701,-90.0345152,school
Our Lady of the Sea School,29.977703,-90.0517379,school
New Orleans Adventist Academy,30.015405,-89.9863078,school
Christ School,29.9574257,-90.0170147,school
Stuart Hall School for Boys,29.9538152,-90.1236845,school
Frederick Junior High School,29.9771475,-90.0609048,school
McDonogh Number 1 School,29.9265936,-90.0772943,school
Saint Matthias Vocational School,29.9488152,-90.1025728,school
Saint Michael Special School,29.933206,-90.0685918,school
United School,29.9760364,-90.0456266,school
Academy of the Sacred Heart School,29.9268421,-90.1038843,school
Congo Square,29.9612536,-90.0686153,park
Congo Square,29.9612536,-90.0686153,attraction
Bolivar Place,29.9654814,-90.0872945,park
Bonart Playground,29.9638144,-90.0203481,park
Bunny Friend Playground,29.9749253,-90.0375708,park
Clay Monument,29.9482685,-90.0703343,monument
Dreux Monument,29.9706292,-90.0935787,monument
Franklin Monument,29.948178,-90.0698951,monument
Gayarre Place,29.9736227,-90.0744996,monument
Keller Square,29.9424264,-90.0850723,park
Lee Playground,29.9736251,-90.0156207,park
Lincoln Park,29.964587,-90.1156646,park
Margaret Statue,29.9407079,-90.0721231,monument
Margaret Statue,29.9407079,-90.0721231,park
McDonogh Monument,29.9483704,-90.0707778,monument
Wedell Monument,29.9824892,-90.1105983,monument
Ephesus Junior Academy,29.9602034,-90.0159035,school
Hotel Peter & Paul,29.9667696,-90.0550661,hotel
Saint Paul Lutheran School,29.966371,-90.0502747,school
Saint Gerard Majella Alternative School,29.9655889,-90.0593299,school
Trinity Montessori Preschool,30.0025185,-90.0600305,school
Saint Leo the Great Elementary School,29.987779,-90.0739051,school
Saint John Lutheran School,29.9740728,-90.0987431,school
New Orleans Christian Academy,29.9652036,-90.0850722,school
Odile Davis Playground,29.9832584,-90.041182,park
Our Lady Star of the Sea School,29.977659,-90.0521537,school
Conrad Playground,29.9704392,-90.1211287,park
Cuccia-Byrnes Playground,29.9640926,-90.1147953,park
Curley Playground,30.0238126,-89.9836803,park
Delgado Playground,29.9888141,-90.1064617,park
Desmare Playground,29.9821475,-90.0884056,playground
Fox Plaground,29.9413152,-90.0406266,park
Harris Playground,29.9960359,-90.0834054,park
Little Flower Playground,29.9706131,-90.1148488,park
National Square,30.0224241,-90.0564605,park
Werner Playground,30.0182573,-89.9939585,park
Wimbledon Playground,30.0274237,-89.9839582,park
Saint Georges Episcopal School,29.9215559,-90.1006011,school
Saint Stephen Central Catholic School,29.922705,-90.1008963,school
Trinity Episcopal School,29.9315963,-90.0781305,school
Walter L Cohen High School,29.9302046,-90.0945201,school
Martin Behrman Elementary School,29.9482623,-90.0489602,school
Mary Bethune Elementary School of Literature and Technology,29.9725997,-90.1139879,school
Pierre A Capdau Charter Elementary School,29.9980575,-90.049519,school
Joseph S Clark Senior High School,29.9696191,-90.0704568,school
Brother Martin High School,30.0039932,-90.058928,school
Warren Easton Senior High School,29.9682609,-90.0905628,school
The Willow High School,29.9352057,-90.1142443,school
Edward P Harney Elementary School,29.9430013,-90.091969,school
Ellis Marsalis Center for Music,29.9741623,-90.0325907,school
McDonogh 15 KIPP Transformation School,29.9609411,-90.0629407,school
Isidore Newman School,29.931038,-90.1114658,school
Rabouin Career Magnet High School,29.9471249,-90.0728856,school
Saint Paul's Episcopal School,30.0038137,-90.1075757,school
Sylvania F Williams School,29.9477041,-90.0897946,school
Sophie B Wright Institute of Academic Excellence School,29.9251972,-90.1025728,school
First Pilgrims Ghristian Academy School,29.9701223,-90.0506535,school
Louisiana Nature Center,30.0307568,-89.9611795,park
Paul B Habans Elementary School,29.92578,-90.01693,school
Dwight D Eisenhower Elementary School,29.9057284,-89.9981102,school
Carrollton Historic District,29.9502042,-90.1267402,park
Holy Cross Historic District,29.9560368,-90.0172925,park
Irish Channel Area Architectural District,29.9238159,-90.0806278,park
Arthur Ashe Charter School,29.9200099,-90.0923732,school
A D Crossman Esperanza Charter School,29.971688,-90.1041593,school
John Dibert Elementary School,29.9815315,-90.0978446,school
Gentilly Terrace Elementary School,30.0081624,-90.0530669,school
KIPP Central City Academy School,29.9457637,-90.0850758,school
John W Hoffman Elementary School,29.9452042,-90.0950726,school
Laurel Elementary School,29.9275039,-90.0755024,school
Dr Martin Luther King Jr Charter School for Science and Technology,29.9665938,-90.0136812,school
McDonogh 32 Elementary School,29.9435369,-90.0481254,school
Harriet Tubman Elementary School,29.9443707,-90.0361876,school
KIPP Believe College Preparatory School,29.950126,-90.1261694,school
Saint Stephen High School,29.9210382,-90.1025728,school
H C Schaumburg Elementary School,30.0196755,-89.9756703,school
WEZB-FM (New Orleans),29.9199269,-90.0247928,tower
WYLD-FM (New Orleans),29.9199269,-90.0247928,tower
WLMG-FM (New Orleans),29.9199269,-90.0247928,tower
WMXZ-FM (New Orleans),29.9199269,-90.0247928,tower
WQUE-FM (New Orleans),29.9199269,-90.0247928,tower
WYLD-FM (New Orleans),29.9460372,-90.0214593,tower
WTUL-FM (New Orleans),29.9385948,-90.1188199,tower
WWOZ-FM (New Orleans),29.9567615,-90.0756972,tower
WQUE-FM (New Orleans),29.9567615,-90.0756972,tower
WCCL-TV (New Orleans),29.9199269,-90.0247928,tower
WBOK-AM (New Orleans),29.9889138,-90.045527,tower
WYAT-AM (New Orleans),29.9568705,-90.0761831,tower
Bayou Sauvage National Wildlife Refuge,30.0193676,-89.8856207,park
New Orleans Jazz National Historical Park,29.9614693,-90.057711,memorial
New Orleans Jazz National Historical Park,29.9614693,-90.057711,attraction
James M Singleton Charter School,29.9360661,-90.0845297,school
Milestone Sabis Academy of New Orleans School,29.9204547,-90.1214798,school
International School of Louisiana,29.9363775,-90.0729338,school
Benjamin Banneker Elementary School,29.939868,-90.1326925,school
Middle Level Alternative School,29.9777,-90.0517,school
New Orleans Free Academy School,29.9232334,-90.09245,school
O Perry Walker Middle School,29.938,-90.0293,school
The Alternative Learning Institute School,29.9597891,-90.0948822,school
New Orleans Charter Science and Mathematics High School,29.9335126,-90.1146997,school
Coliseum High School,29.9249,-90.0927,school
Saint Jude School of Religion,29.958,-90.07006,school
Community Care Hospital,29.9260131,-90.0959335,hospital
Saint Catherine Memorial Hospital,30.071367,-89.9478253,hospital
Sickle Cell Center of Southern Louisiana,29.9552192,-90.0767349,doctors
Carrollton Post Office,29.9636402,-90.112831,post_office
Lake Forest Station Post Office,30.02896,-89.98244,post_office
Station A Algiers Post Office,29.92419,-90.01655,post_office
Uptown Station Post Office,29.9321715,-90.0939027,post_office
Bishop McManus Academy,30.01512,-89.98355,school
Calvary Baptist School,29.92932,-90.0335,school
First Presbyterian Church School,29.9418591,-90.1095953,school
Holy Name of Jesus School,29.9360475,-90.1195737,school
New Orleans City Park Municipal Training Academy,29.983514,-90.107237,school
New Orleans East Municipal Training Academy,30.022773,-89.923983,school
New Orleans School of Glass Works and Printmaking,29.9461685,-90.0692193,school
Greater New Orleans Supports and Services Center Special Services District Facility,29.9345154,-90.0088991,school
Priestley School of Architecture and Construction,29.920245,-90.0998006,school
Mount Carmel Academy School,30.0192447,-90.1097088,school
Cathedral Academy School,29.9599682,-90.0653264,school
Saint Andrew's Episcopal School,29.9466076,-90.1292437,school
New Orleans Montessori School,30.0191479,-90.0831866,school
Bishop McManus Academy School,30.0149917,-89.9826835,school
Sister Clara Muhammad School,29.9407329,-90.0915785,school
Stuart Hall School for Boys,29.9535399,-90.1235119,school
Holy Cross Middle School,30.0144562,-90.0755503,school
Good Shepherd School,29.9515076,-90.0728099,school
New Orleans College Preparatory Charter School,29.9474377,-90.0897493,school
Orleans Parish PM School,29.9420498,-90.1115797,school
Ecole Bilingue de la Nouvelle Orleans Elementary School,29.9203506,-90.0999117,school
Ecole Bilingue de la Nouvelle Orleans Preschool,29.9250891,-90.1182841,school
Welcome Transition School,29.9564762,-90.0882107,school
Life of Christ Christian Academy School,29.9819825,-90.069398,school
Brother Martin Junior High School,30.0040415,-90.0589524,school
Light City Christian Academy School,29.9600684,-90.0108835,school
Auntie B Preschool and Kindergarten,30.0514852,-89.9783252,school
The Chartwell Center School,29.9222799,-90.1009444,school
The Upperroom Bible Church Academy School,30.0275947,-89.9894431,school
Happy Kids Preschool and Kindergarten,30.0179294,-90.0219256,school
University Montessori School,29.9414494,-90.1276499,school
Diana Head Start Center School,29.9299097,-90.0274877,school
Laymans Preschool Academy,29.9749457,-90.0643696,school
Leslie Head Start Center School,29.9292915,-90.0751749,school
Louise Head Start Center School,29.924013,-90.0896784,school
Martin Luther King Jr Head Start Center School,29.9431788,-90.0813492,school
Rainbow Academy and Preschool,29.9758672,-90.0719355,school
Saint John the Baptist Preschool and Head Start,29.9435812,-90.0780816,school
Tots Nursery School,29.9646879,-90.1238799,school
Carrollton Station,29.9493209,-90.1291473,pub
Basil Leaf,29.9494781,-90.1276947,restaurant
The Frat House Uptown,29.9494939,-90.1293709,nightclub
Ann BeBose Busy Hands and Minds Daycare Number 2,29.9836,-90.0628,kindergarten
Beverlys Preschool Center,29.9889,-90.0734,kindergarten
Building Blocks Academy,30.0139,-89.9931,kindergarten
Bundles of Joy Preschool and Nursery,30.0711,-89.9434,kindergarten
City Wide Daycare Center,29.9437,-90.0821,kindergarten
Claras Little Lambs Preschool Academy Number 4,29.9355,-90.0344,kindergarten
Clarks Child Development Center Number 2,29.974,-90.0875,kindergarten
Cuddly Bear Child Development Center,29.9441,-90.052,kindergarten
Delgado Infant and Toddler Center,29.9891,-90.1026,kindergarten
DeBoses Busy Hand and Minds,29.9843,-90.0628,kindergarten
Discovery Kids Preschool and Daycare Center,29.9696,-90.0941,kindergarten
Gentilly East Child Development Center,30.0155,-90.0124,kindergarten
Positive Beginnings Child Development Center,29.9627,-90.0205,kindergarten
Precious Little People,30.026,-89.9897,kindergarten
Reynolds Academy Preschool,29.9805,-90.074,kindergarten
Nursery Rhyme Playskool,29.9986,-90.0494,kindergarten
Perraults Kiddy Kollege,30.0105,-90.0175,kindergarten
Saint John Bercham Child Development Center,29.9942745,-90.0643422,kindergarten
Richards Small World Infant and Toddler Center,30.0142,-90.0147,kindergarten
Shining Star Preschool Academy and Nursery School,29.9482,-90.0418,kindergarten
Small World Childcare and Learning Center,29.9664,-90.085,kindergarten
Theodore and DaShanas Bright Beginnings Learning Center,29.9652,-90.0242,kindergarten
Tots Daycare Center and Preschool,29.9689,-90.0311,kindergarten
Tommyes Child Development Center,29.9703,-90.097,kindergarten
Teddycare Learning Center,29.9448,-90.0355,kindergarten
The Preschool Learning Center,30.0336,-90.0245,kindergarten
Volunteers of America Nursery,29.9264,-90.0954,kindergarten
UNIKIDS Academy,29.9484,-90.0766,kindergarten
YWCA Jackson Landing Preschool,29.9228,-90.0224,kindergarten
Wonder Years Preschool and Learning Center,30.0388,-89.9897,kindergarten
Happy Kids Number 3,30.0177,-90.0217,kindergarten
Happy Kids Number 2,30.0427,-89.9797,kindergarten
Kiddy Academy,30.0531,-89.9767,kindergarten
JCC Nursery School,29.950832,-90.069685,kindergarten
Jackson Child Development Center,29.9634,-90.026,kindergarten
L and L Nursery and Learning Center,30.0115,-90.0209,kindergarten
Little Angels Preschool and Nursery,30.0209,-90.0519,kindergarten
Kiddy College Learning Center,29.9447,-90.0379,kindergarten
Kids Kingdom Academy and Daycare Center,29.9672,-90.0414,kindergarten
Kids World of New Orleans,29.966,-90.0362,kindergarten
Methodist Group Home School,29.9241,-90.0808,school
Mickey and Minnie Preschool and Nursery,30.0149,-90.0049,kindergarten
Mid City Academy of Preschool Learning,29.9617825,-90.0876768,kindergarten
Miss Mollys Development Center,29.9479,-90.1011,kindergarten
Methodist Home of New Orleans,29.9243478,-90.0806659,hospital
Orleans Parish Criminal District Court - Property,29.9615255,-90.0915246,courthouse
Orleans Parish Criminal District Court - Bond,29.9616041,-90.0914818,courthouse
Reed Art Gallery,29.9565926,-90.065905,arts_centre
New Directions Adult Day Health Center,29.977243,-90.0751059,doctors
New Orleans Fire Department Communications Division,29.9849,-90.1091212,fire_station
New Orleans Fire Department Training Division,30.018969,-89.9292304,fire_station
New Orleans Fire Department Engine 1,29.9249606,-90.0842012,fire_station
New Orleans Fire Department Haz Mat and Fire Rescue and Engine 7,29.9626983,-90.0713692,fire_station
New Orleans Fire Department Engine 4,30.0227648,-90.023588,fire_station
New Orleans Fire Department Engine 11,29.9349083,-90.0949074,fire_station
New Orleans Fire Department Engine 12,30.0163482,-90.0516875,fire_station
New Orleans Fire Department Engine 8,29.9835375,-90.0358501,fire_station
New Orleans Fire Department Squirt 16 and Ladder 8,29.9415185,-90.0805322,fire_station
New Orleans Fire Department Engine 15 and Ladder 5,29.9252685,-90.1168014,fire_station
New Orleans Fire Department Squirt 14 and Ladder 2,29.9572296,-90.0776744,fire_station
New Orleans Fire Department Engine 20,29.9484587,-90.0516754,fire_station
New Orleans Fire Department Engine 18,30.0042732,-90.1059702,fire_station
New Orleans Fire Department Engine 17,29.9133618,-89.9934625,fire_station
New Orleans Fire Department Engine 26 and Ladder 9,29.9669384,-90.0961363,fire_station
New Orleans Fire Department EngineNew Orleans Fire Department Engine 25 and Ladder 7,29.9568343,-90.1200136,fire_station
New Orleans Fire Department Engine 24 and Ladder 4,29.9644188,-90.0318362,fire_station
New Orleans Fire Department Engine 22,29.9655494,-90.0140467,fire_station
New Orleans Fire Department Engine 35,29.9814122,-90.0926621,fire_station
New Orleans Fire Department Engine 33 and Ladder 6,29.939908,-90.0204405,fire_station
New Orleans Fire Department Engine 31,30.0654233,-89.8136174,fire_station
Asia Baptist Day Care Center,29.9937,-90.0775,kindergarten
All Day Child Care Center,29.9634,-90.0882,kindergarten
A B C Child Care Center,30.011,-90.0536,kindergarten
Cinderella Day Care and Preschool Academy,29.9184,-89.9857,kindergarten
Cabrini Day Care Center,29.9613,-90.0636,kindergarten
Cabbage Patch Day Care Center,29.935473,-90.035499,kindergarten
Boobie and Sprout Day Care Center,29.9421,-90.0324,kindergarten
Bolden Child Care Center,29.9627,-90.1091,kindergarten
Babykeeper Day Care Center,29.951314,-90.1013057,kindergarten
Babykeepers Day Care and Preschool Number 2,29.951,-90.1027,kindergarten
New Orleans Fire Department Engine 40,29.9300822,-90.0318841,fire_station
New Orleans Fire Department Squirt 36 and Ladder 13,30.0273446,-89.9685713,fire_station
New Orleans Fire Department Engine 39,29.9656762,-90.0139999,fire_station
New Orleans Fire Department Engine 38,29.9377172,-90.1078652,fire_station
New Orleans Supply Division Fire Station,29.9448158,-90.0696009,fire_station
New Orleans Second District Chief Office and Flying Squad Fire Station,29.9478138,-90.0726773,fire_station
Grace Child Care Center,29.9715563,-90.0974872,kindergarten
God Promised Day Care Center,29.9581,-90.0704,kindergarten
Velocity Foundation Day Care Center,29.9595,-90.1051,kindergarten
Happy Kids Day Care Center,30.0495,-89.9685,kindergarten
Graysons Preschool and Day Care Center,30.0171,-89.9904,kindergarten
Stellas Tender Care Day Care Center,29.9702,-90.0351,kindergarten
Spears Nursery and Day Care Center,29.9791,-90.0358,kindergarten
Southern Community Child Care Center,29.9623,-90.0257,kindergarten
Tommy and Bills Day Care Number 3,29.9687,-90.0767,kindergarten
Tommy and Bills Day Care Center Number 2,29.9351,-90.0978,kindergarten
Tittli Tots Hide-a-way Day Care Center,29.9411,-90.0988,kindergarten
Learn and Play Day Care Center,30.0309,-90.0211,kindergarten
Kingsley House School Age Day Care Center,29.9321,-90.0718,kindergarten
Lafon Day Care Center,30.0115,-90.0056,kindergarten
Little Kingdom Child Care Center,30.0231,-89.987,kindergarten
Little Scholars Day Care Center,29.9496,-90.101,kindergarten
Kays Day Care Center,29.9226,-90.0295,kindergarten
Isabells Day Care and Nursery School,29.9613,-90.0071,kindergarten
Kiddie Care Zone Child Care Center,30.0392329,-89.9870618,kindergarten
Frazier-Keiffer Day Care Center,29.9454,-90.0518,kindergarten
Newcomb Child Care Center,29.9430127,-90.1220987,kindergarten
Ninth Ward Housing Development Corporation Day Care Center,29.9623,-90.0257,kindergarten
Clara Little Lamb Number 2 Day Care Center,29.9395,-90.0381,kindergarten
Dryades YMCA Child Care Center,29.9368,-90.0833,kindergarten
Eastminster Nursery and Day Care Center,30.0193,-89.968,kindergarten
E B Bromon Liberty House Child Day Care Center,29.9409,-90.084,kindergarten
Robin Hood Day Care Center,30.0133,-89.9926,kindergarten
Saint Jude Baby Village Day Care Center,29.9512965,-90.1013192,kindergarten
Saint Marks Community Day Care Center Number 2,29.9644,-90.0702,kindergarten
Saint Marks Fourth Baptist Church Day Care Center,29.9566,-90.0861,kindergarten
Saint Rose Day Care Center,29.9771041,-90.0756698,kindergarten
Silver Crest Day Care Center,29.9399,-90.1051,kindergarten
Paynes Day Care Center,29.9449,-90.0374,kindergarten
Peoples Community Child Care Center,29.9402,-90.0834,kindergarten
Phillips Child Care Center,29.9792,-90.0643,kindergarten
Precious Angels Day Care,29.9237,-90.0153,kindergarten
Rachals Kids Day Care Center,29.9725,-90.0899,kindergarten
Rays of Hope Day Care Center,30.0195,-90.0181,kindergarten
Howard Memorial Library,29.943346,-90.0717055,library
New Orleans Public Library - Nora Navra Branch,29.9756509,-90.0676244,library
Law Library of Louisiana,29.9560054,-90.066168,library
Children's Resource Center - New Orleans Public Library,29.9213508,-90.1010242,library
Mrs Js Little Angels Day Care Center,29.9823,-90.0521,kindergarten
Miss Dees Child Care and Learning Center,29.9701,-90.034,kindergarten
Mount Pilgrim Baptist Church Day Care Center,29.961,-90.1214,kindergarten
McMillians First Steps Child Care Center,29.943593,-90.0934001,kindergarten
Algiers Regional Library,29.9235903,-90.0144028,library
Central City Branch New Orleans City Library,29.93849,-90.08426,library
New Orleans Public Library - Martin Luther King Branch,29.9663495,-90.0136497,library
New Orleans Public Library - Childrens Resource Center,29.9486125,-90.1277955,library
New Orleans Police Department,29.9437706,-90.0862579,police
New Orleans Police Department,30.064777,-89.8070421,police
Cresent City Connection Police Department,29.9336253,-90.0366164,police
New Orleans Police Department Fifth District,29.9705098,-90.0346668,police
New Orleans Police Department - Gaming Division,29.9480195,-90.0656229,police
New Orleans Police Department First District,29.9592913,-90.069974,police
New Orleans Police Department Second District,29.9210257,-90.1006914,police
New Orleans Police Department - Crime Prevention,29.984862,-90.1097447,police
New Orleans Police Department Seventh District,30.0275188,-89.9680772,police
New Orleans Police Department Sixth District,29.9411458,-90.0796307,police
Behrman Memorial Recreation Center,29.9415929,-90.0300707,sports_centre
Naval Support Activity Child Development Center,29.9485,-90.0765,kindergarten
Odenheimer Aquarium,29.9238161,-90.1297958,museum
Louisiana State Museum Library,29.9577128,-90.0640374,museum
Confederate Memorial Hall;Confederate Memorial Hall Museum,29.9434299,-90.0713042,museum
Walgreens,30.0387705,-89.9562625,pharmacy
Bicycle Michael's,29.9640517,-90.0579014,bicycle_shop
Sav-a-lot,29.9425586,-90.0959314,supermarket
Bayou Bicycles,29.9744395,-90.0923483,bicycle_shop
The Bean Gallery,29.9789202,-90.0962425,cafe
Mother-in-Law Lounge,29.9709625,-90.0667792,pub
Balcony Music Club,29.962012,-90.0582296,nightclub
Checkpoint Charlie,29.962264,-90.0579846,pub
Snug Harbor,29.9641347,-90.0579159,nightclub
Adolfo's,29.9638503,-90.0576613,restaurant
King's Meat Market,29.9513655,-90.1004652,butcher
Canseco's,29.9805827,-90.0845107,supermarket
Lost Tavern,30.1625329,-89.7397076,pub
United States Post Office Bywater Station,29.9691605,-90.029438,post_office
Omni Bank,29.9435965,-90.1333095,bank
Kyoto,29.9244876,-90.1083282,restaurant
Zara's Lil' Giant Supermarket and Po-boys,29.9244036,-90.1073966,supermarket
Capital One,29.9463772,-90.1135537,bank
Papa John's,29.9467139,-90.1131181,fast_food
Chase,29.9554985,-90.1204888,bank
Mike the Bike Guy,29.9208223,-90.1022443,bicycle_shop
PJ's Coffee and Tea,29.9382747,-90.1209566,cafe
Tujague's Restaurant,29.9550331,-90.0645092,restaurant
Pat O'Briens,29.9580935,-90.0654893,bar
Supercuts,29.9444596,-90.1335827,hairdresser
Walgreens,29.9445975,-90.1334393,chemist
Maple Street Cafe,29.9417205,-90.1291043,restaurant
PJ's Coffee & Tea,29.9416299,-90.1293467,cafe
Babylon Cafe,29.9422065,-90.1300739,restaurant
Maple Street Book Shop,29.9410846,-90.128194,bookshop
Aeren's Cafe,29.9501819,-90.0996344,restaurant
Dunbar's Creole Cooking,29.9363146,-90.1283828,restaurant
House of Dance & Feathers,29.962081,-90.009714,museum
Tulane University Law School,29.9382777,-90.1194529,university
CC's Coffee,29.9776496,-90.0809221,cafe
McHardy's Chicken & Fixin',29.9769649,-90.077133,fast_food
Lola's,29.9807334,-90.0853021,restaurant
Terranova's,29.9805978,-90.0851316,supermarket
Tastee Restaraunt,29.9759738,-90.0777467,fast_food
Community Book Center,29.9764974,-90.0763379,bookshop
Coco Hut,29.9763071,-90.076211,restaurant
Dependable Garment Care,29.9490942,-90.1172759,laundry
Smoothie King,29.9462605,-90.1128832,fast_food
Mid City Pizza,29.9469529,-90.1138185,fast_food
Broadway Food Store,29.9505551,-90.116082,convenience
Elio's Wine Warehouse,29.9466287,-90.1127041,beverages
Slim Goodies Diner,29.9230822,-90.0882302,restaurant
Gulf Coast Bank & Trust,29.9238119,-90.0864752,bank
Gulf Coast Bank & Trust,29.9238119,-90.0864752,monument
Walgreens,29.9241235,-90.08702,pharmacy
Bahn Mi Boys,29.9233626,-90.0875937,restaurant
Mahoney's Po-boy Shop,29.9223421,-90.090279,restaurant
Baru,29.9215244,-90.0933377,restaurant
Willie Mae's Scotch House,29.9691656,-90.0789295,restaurant
Dooky Chase,29.9680597,-90.0784985,restaurant
Theo's Neighborhood Pizza,29.9739736,-90.1002788,restaurant
Mandina's,29.9724035,-90.0979125,restaurant
Canal Street Bistro,29.9734496,-90.0984785,restaurant
Wakin' Bakin',29.9743189,-90.1068522,restaurant
Ikura Hibachi And Sushi,29.9761115,-90.0982532,restaurant
Banks Street Bar & Grill,29.9744821,-90.1064478,bar
Finn McCool's Irish Pub,29.9695738,-90.0991644,pub
Wit's Inn,29.9754493,-90.0999498,pub
Doson Noodle House,29.9753728,-90.1000375,restaurant
Five Happiness,29.9644187,-90.1108765,restaurant
Burger King,29.9684541,-90.1062962,fast_food
Exxon,29.9651705,-90.1100688,convenience
Beckham's Book Shop,29.9532645,-90.0657642,bookshop
Felipe's Taqueria,29.9534773,-90.0651893,restaurant
Galatoire's,29.954972,-90.0690178,restaurant
Walgreens,29.9542901,-90.0712436,pharmacy
Walgreens,29.9540305,-90.069869,pharmacy
CVS Pharmacy,29.9536448,-90.0702658,pharmacy
Quicky's,29.9623067,-90.0911396,convenience
S Express,29.9744481,-90.0806321,convenience
Rite Aid,29.9657364,-90.0866818,pharmacy
Liberty's Kitchen,29.9623243,-90.0898167,restaurant
Ideal Market,29.9638961,-90.0884734,supermarket
Bayou Beer Garden,29.9719674,-90.0916728,pub
Walgreens,29.9746764,-90.0997506,chemist
Venezia,29.9750632,-90.0995724,restaurant
Burger King,29.9663346,-90.0878548,fast_food
Rally's,29.9663875,-90.0870965,fast_food
Lil Dizzy's Cafe,29.968661,-90.0679217,restaurant
Manchu Chicken & Poboy Takeaway,29.9698716,-90.0686888,convenience
Citi Trends,29.9426659,-90.0956906,clothes
McDonald's,29.9415782,-90.095291,fast_food
Save-A-Lot,29.9763819,-90.0472392,supermarket
Rally's,29.9691979,-90.0525701,fast_food
Burger King,29.9726342,-90.0488162,fast_food
Kajun's Pub,29.9685425,-90.0549612,pub
Siberia,29.9688957,-90.0559113,bar
Harold's Indoor Outdoor Plants,29.9689038,-90.0465042,garden_centre
Domino's,29.9697576,-90.0503049,fast_food
Preservation Salvage Store,29.9695508,-90.0476709,doityourself
Allways Lounge,29.9685211,-90.0556576,bar
Marigny Theater,29.9683318,-90.0556159,theatre
Handsome Willy's,29.9570758,-90.077821,pub
Budget,29.9569791,-90.074081,car_rental
Canal Street Veterinary Hospital,29.9738855,-90.1001934,veterinary
Jimmy John's,29.9770461,-90.0975249,fast_food
Capital One,29.9751593,-90.1008526,bank
Taqueria Gerrero,29.9754496,-90.0992399,restaurant
Angelo Brocato Ice Cream,29.9755132,-90.0991802,cafe
Massey's,29.9779161,-90.0973854,outdoor_shop
Fellini's Cafe,29.9805215,-90.0935845,restaurant
Domino's,29.9768471,-90.0977317,fast_food
Cafe Minh,29.9752807,-90.1012725,restaurant
Mattress Direct,29.9753154,-90.0993711,furniture_shop
d.b.a.,29.9639393,-90.0578917,bar
The Bottom Line,29.9736433,-90.0583943,bar
Faubourg Marigny Art & Books,29.9636116,-90.0578561,bookshop
Sports Vue,29.9747964,-90.0569352,pub
Frenchman All Day,29.9642599,-90.0579251,cafe
The John,29.9663681,-90.058092,bar
Apple Barrel,29.9638102,-90.0576579,bar
Melvin's,29.9683718,-90.0577648,bar
Marigny Brasserie,29.9643957,-90.0579384,restaurant
Wasabi,29.9665774,-90.0581076,restaurant
Shell,29.9738151,-90.0563799,convenience
Maison,29.9628218,-90.0578022,bar
Buffa's,29.9654558,-90.0625968,restaurant
Mona Lisa,29.962309,-90.0607589,restaurant
Port of Call,29.9644559,-90.0617739,restaurant
Golden Lantern,29.9627372,-90.0606005,bar
Angeli,29.9606986,-90.0594178,restaurant
Dats Progress Recycling,29.966846,-90.089613,recycling_metal
Flanagan's Pub,29.9602607,-90.0621427,pub
French Quarter Vet,29.960021,-90.0628463,veterinary
Cane and Table,29.9602216,-90.059821,bar
Coop's Place,29.9601621,-90.0598686,pub
CC's Community Coffee House,29.9604238,-90.0627256,cafe
Molly's at the Market,29.9601094,-90.0599077,pub
Cake Cafe & Bakery,29.9637215,-90.0529581,restaurant
Beth's Books,29.9634181,-90.050718,bookshop
Breakaway's,29.9660228,-90.0511514,pub
Big Daddy's Bar,29.965018,-90.0514628,bar
Circle Bar,29.9427294,-90.0724792,bar
Exxon,29.9435676,-90.0734654,convenience
Gordon Biersch,29.9480287,-90.0650119,restaurant
Saks Fifth Avenue,29.950889,-90.06493,department_store
Welty's Deli,29.9502321,-90.0689739,fast_food
Iberia Bank,29.9496118,-90.0696422,bank
Whitney Bank,29.9491044,-90.06959,bank
Ruth's Chris Steak House,29.9479689,-90.0655188,restaurant
Poydras Diners,29.9524718,-90.0794855,restaurant
John and Mary Food Store,29.9748217,-90.0892343,convenience
Pal's Lounge,29.9767469,-90.0863765,pub
China Orchid,29.9443143,-90.1337259,restaurant
Contemporary Arts Center,29.9438036,-90.0707655,arts_centre
Old Point Bar,29.9549375,-90.0501914,bar
Tout De Suite,29.9520945,-90.0511146,cafe
Laurel Street Bakery,29.9185546,-90.1165146,bakery
Octavia Books,29.9188762,-90.1165516,bookshop
Whitney,29.9166998,-90.1141814,bank
None,29.9160468,-90.1323091,shelter
None,29.9181733,-90.1344003,shelter
Lucy's,29.9463991,-90.0675098,bar
United States Post Office,29.9476304,-90.0706807,post_office
Tommy's Cuisine,29.9450878,-90.0672689,restaurant
Rouses,29.9477232,-90.0741703,supermarket
The District,29.9459198,-90.0675318,bar
Regions Bank,29.9487366,-90.067682,bank
Vic's Kangaroo Bar,29.9467426,-90.0672099,bar
Cochon Butcher,29.9422012,-90.0670007,cafe
Cochon Butcher,29.9422012,-90.0670007,butcher
Après Lounge,29.9469755,-90.0654457,bar
Happy's,29.9506005,-90.0742856,bar
Walk Ons,29.9506842,-90.0746075,restaurant
Popeyes,29.9893338,-90.0723563,fast_food
Walgreens,29.9996243,-90.0588165,pharmacy
Roosevelt Hotel Bar,29.9545738,-90.0721553,bar
Roosevelt Hotel,29.953942,-90.0716504,hotel
Tulane-Loyola Federal Credit Union,29.9569732,-90.0752485,bank
Molly Marine,29.955891,-90.0736163,memorial
Molly Marine,29.955891,-90.0736163,artwork
Bourbon Pub,29.9595997,-90.0649137,pub
Oz,29.9594933,-90.0647414,bar
Clover Grill,29.9602833,-90.0640319,restaurant
Croissant D'Or Patisserie,29.9610211,-90.0614103,cafe
Croissant D'Or Patisserie,29.9610211,-90.0614103,bakery
Matassa's Grocery & Deli,29.9617789,-90.064375,convenience
Quarter Master Deli,29.9618533,-90.0626361,restaurant
Royal Pharmacy,29.9613518,-90.0618749,pharmacy
Royal Pharmacy,29.9613518,-90.0618749,convenience
801 Royal,29.9590115,-90.0640092,restaurant
Stanley Restaurant,29.9582607,-90.0629567,restaurant
French Truck Coffee,29.9253618,-90.0842634,cafe
Another Broken Egg Cafe,29.925611,-90.0842966,restaurant
Joey K's,29.9250643,-90.0848267,restaurant
Rendezvous Tavern,29.9245809,-90.0856327,pub
Tracey's,29.9269571,-90.0808843,pub
Deja Vu,29.9568912,-90.0685002,restaurant
Good Friends Bar,29.9599512,-90.0657564,bar
Moon Wok,29.9601013,-90.0656237,restaurant
Quarter Grocery Deli & Takeaway,29.9613453,-90.0659511,convenience
Le Roundup,29.9573962,-90.067496,bar
Phoenix,29.967478,-90.0564851,bar
Rawhide,29.9606289,-90.0666704,bar
The Schooner Saloon,29.959847,-90.0673537,bar
More Fun Comics,29.9480706,-90.1308301,bookshop
On the Other Hand,29.9481123,-90.1308729,clothes
Glue,29.948182,-90.1309818,clothes
Dat Dog,29.9348269,-90.109111,restaurant
Cure,29.9350175,-90.1074802,bar
Midway Pizza,29.9350315,-90.1070779,restaurant
Family Barber Shop,29.9475307,-90.1301444,hairdresser
Café Negril,29.9637559,-90.0578775,nightclub
Frenchmen Deli & Grocery,29.9636749,-90.057874,convenience
Mélange,29.963438,-90.0575037,restaurant
Three Muses,29.9632871,-90.0578446,restaurant
Vaso,29.9624206,-90.0578603,nightclub
Bistro Daisy,29.9217871,-90.1195776,restaurant
O'Delice,29.9225996,-90.1223712,bakery
Monkey Hill Bar,29.9226458,-90.1236287,bar
Districts Donut & Coffee Bar,29.9214152,-90.1178636,cafe
Clement Hardware & Variety,29.9221078,-90.1216986,doityourself
A Girl Is a Gun,29.9221852,-90.1219728,clothes
Crescent City Steak House,29.9732911,-90.0809911,restaurant
Del Cid Auto Sales,29.9705982,-90.0822302,car_dealership
Love Me Tender Day Care Center,29.9703243,-90.082882,kindergarten
Magnolia Meat Market,29.97209,-90.0812424,convenience
Sweet Soulfood,29.9736421,-90.0806617,restaurant
Orleans Center,29.9713498,-90.0828076,convenience
Chase,29.9768049,-90.0779476,bank
HeadQuarters,29.9741574,-90.0802268,hairdresser
Manchu Food Store,29.9727379,-90.0807623,convenience
Saint Coffee,29.9689268,-90.0488257,cafe
Easy Po-Boys & Seafood,30.0320722,-89.9288522,fast_food
99 Market,30.0321233,-89.929056,supermarket
Rouses,29.9353739,-90.1061849,supermarket
Cinnaholic,29.9350639,-90.1078596,restaurant
Freret Hardware,29.9351127,-90.1097015,doityourself
Vals,29.9348256,-90.1061742,restaurant
High Hat Cafe,29.9350521,-90.1043494,restaurant
Sarita's Grill,29.935019,-90.1047902,restaurant
Supermercado Las Acacias,29.9350695,-90.1082847,convenience
The Bike Shop,29.935163,-90.1056289,bicycle_shop
The Company Burger,29.9347635,-90.1056792,restaurant
Midcity Pizza,29.9742224,-90.1067119,restaurant
Loose Endz,29.9743407,-90.1063083,hairdresser
Ancestral Legacy,29.9649988,-90.1075689,artwork
Michelli's,29.9112362,-90.0001449,pub
Copeland's Cheesecake Bistro,29.9353927,-90.0791299,restaurant
Trolley Stop,29.9356623,-90.0788402,restaurant
The Irish House,29.9391258,-90.0752035,pub
Langenstein's Grocery,29.9266474,-90.1167569,supermarket
Popeyes,29.9530732,-90.0684048,fast_food
Other Bar,29.9350887,-90.109158,bar
Acropolis on Freret,29.9350364,-90.104582,restaurant
Creole Creamery,29.9244646,-90.1085208,restaurant
Chase,29.924446,-90.1082338,bank
Subway,29.9550205,-90.0751801,fast_food
Bare Leather,29.952711,-90.0655174,shoe_shop
Coyote Ugly Saloon,29.9529067,-90.0654242,bar
Beachbum Berry's Latitude 29,29.9536814,-90.0651012,pub
Riverside Day Spa & Nails,29.9525123,-90.0657519,beauty_shop
St. Lawrence Restaurant & Bar,29.9527769,-90.0654862,restaurant
Subway,29.9531558,-90.0653073,fast_food
Tipitina’s French Quarter,29.952992,-90.0653844,nightclub
Attiki,29.9533976,-90.0656525,restaurant
Ginger Lime,29.9528253,-90.0661941,restaurant
Olivier's Creole Restaurant,29.952878,-90.0661505,restaurant
Kerry Irish Pub,29.9542368,-90.0652335,pub
The Hookah,29.9538891,-90.0655417,nightclub
Dashka Roth Contemporary Jewelry & Judaica,29.9548153,-90.0660394,jeweller
Earth Odyssey,29.9543874,-90.0664427,jeweller
oh fine lingerie,29.9547721,-90.0660768,clothes
The French Market Inn,29.9554237,-90.0641455,hotel
Bottom of The Cup,29.9548336,-90.0663115,gift_shop
Cafe Fleur De Lis,29.9545044,-90.0666086,cafe
Lost and Found,29.9547411,-90.0663972,clothes
Nola kids,29.9549208,-90.0662138,clothes
Omni Bank,29.9544189,-90.0667044,bank
The Pelican Club,29.9545783,-90.0669243,bar
Bevolo Gas & Electric Lights,29.955168,-90.0671346,furniture_shop
Somethin' Else Cafe,29.9553364,-90.0665214,cafe
Couronne,29.9550057,-90.0675977,jeweller
Valobra Jewelry and Antiques,29.9555102,-90.0671039,jeweller
Café Beignet,29.9558844,-90.0684985,cafe
Remoulade,29.955701,-90.0684035,restaurant
Rick's Cabaret,29.9558391,-90.068265,bar
Snake and Jake's Christmas Club Lounge,29.9441812,-90.1260102,bar
Panchita's,29.9494058,-90.127759,restaurant
Bourrée,29.9498334,-90.1274827,restaurant
Subway,29.9486551,-90.1286229,fast_food
Hangout Ramen,29.9487342,-90.1284993,restaurant
New Orleans Original Daiquiris,29.9430888,-90.1345423,bar
The Milk Bar,29.9444184,-90.1336193,restaurant
Jazmine Café,29.9435583,-90.1340488,restaurant
Burger King,29.9562476,-90.1196292,fast_food
Villalobos Rescue Center,29.9695994,-90.0283812,veterinary
Spanish Fort,30.0224112,-90.0832486,ruins
City Park Map,29.9965706,-90.0856075,tourist_info
David's Antiques,29.9552478,-90.0671103,jeweller
McDonald's,29.989545,-90.0578603,fast_food
Sammy's Food Service & Deli,29.9889313,-90.0587851,restaurant
Domenica,29.9539196,-90.0717295,restaurant
Howlin' Wolf,29.9426744,-90.0660504,nightclub
Steamboat Natchez,29.9549273,-90.0623927,attraction
Cafe Gentilly,30.0129307,-90.0507591,restaurant
Canseco's,30.0122177,-90.0598511,supermarket
Good Time Sushi & Hibachi,30.0129519,-90.0599116,restaurant
Happy Discount,30.0125515,-90.0505288,convenience
JuJu Bag,30.0136853,-90.0508276,cafe
JuJu Bag,30.0136853,-90.0508276,hairdresser
Marsalis Harmony Park Playground,29.9550382,-90.1224222,playground
Moses Plastic Surgery,29.932699,-90.0835273,doctors
Alma,29.9641496,-90.0434687,restaurant
Pagoda Cafe,29.9759023,-90.0758603,cafe
Buttermilk Drop Bakery & Cafe,29.9815429,-90.071318,bakery
Burger Orleans,29.9987378,-90.0603723,fast_food
Daddy's Donuts,29.9990623,-90.0625623,bakery
Rite Aid,29.9980704,-90.0597967,chemist
United States Post Office,29.9992232,-90.0626141,post_office
Dollar General Market,29.9775229,-90.0677625,supermarket
Liberty Bank,29.9969924,-90.0612268,bank
Rally's,29.978174,-90.0684003,fast_food
Seal's Class Act,29.9787187,-90.0686369,bar
Rosella,29.9717488,-90.0984706,restaurant
Subway,29.9530203,-90.0705382,fast_food
Peristyle,29.9851998,-90.0974222,shelter
Angela King Gallery,29.9548664,-90.0677004,artwork
Redd's Uptilly Tavern,29.941361,-90.1287363,bar
The Galley,30.0294149,-90.0650138,food_court
Student Health Services,30.0294972,-90.0644677,clinic
Lux Salon Blends,29.9805318,-90.08426,beauty_shop
Swirl - Sensational Wines,29.9805376,-90.0843487,bar
Swirl - Sensational Wines,29.9805376,-90.0843487,beverages
Delgado STD Clinic,29.9595315,-90.0697377,doctors
Johnny's Po-Boys,29.955523,-90.064527,restaurant
Midcity Yacht Club,29.9752574,-90.1097849,bar
RUBARB,29.9792366,-90.0377493,bicycle_shop
RideTHISBike,29.9559513,-90.0696771,bicycle_shop
Trường Giáo Lý và Việt Ngữ Thánh Tôma Trần Văn Thiện,30.0413912,-89.9195523,school
Cafétomas,29.9497279,-90.1274622,restaurant
La Mansion,29.9451154,-90.1340775,restaurant
Refuel Cafe,29.9442332,-90.1340981,restaurant
Symmetry Jewelers & Designers,29.9444323,-90.1343345,jeweller
Saint Joan of Arc School,29.9474566,-90.1337683,school
Jake's Uptown Supermarket,29.9544101,-90.1257242,supermarket
Cafe Navarre,29.9895327,-90.1080122,cafe
Toups Meatery,29.9805735,-90.0945589,restaurant
Papa John's,30.020774,-90.0767277,fast_food
Superior Fades,30.0120136,-90.0606422,hairdresser
Chinese Tea Garden,30.0120678,-90.0606465,restaurant
Domino's,30.0121571,-90.0606477,fast_food
Gulf Coast Bank,29.9756627,-90.0998282,bank
Katie's,29.9730324,-90.0959731,restaurant
Subway,29.9649103,-90.1120747,fast_food
Dolorosa School,29.9479563,-90.1296136,school
truburger,29.9477433,-90.130104,restaurant
Haases,29.9478179,-90.1301971,shoe_shop
Blue Cypress Books,29.9478973,-90.1302971,bookshop
Juan's Flying Burrito,29.947944,-90.1306754,restaurant
Oak St Brewery,29.9482436,-90.1307047,bar
14 Parishes Jamaican Restaurant,29.9485953,-90.1311945,restaurant
Mukbang Seafood and Bar,29.9489138,-90.1318941,restaurant
Modern Men Barbershop,29.9413035,-90.1301901,hairdresser
Hot Stuff,29.9408105,-90.1280431,restaurant
Canseco's Carrollton Market,29.9469414,-90.1296506,supermarket
Café au play,29.9417095,-90.1254526,cafe
Patois,29.9199252,-90.1244994,restaurant
El Pavo Real,29.9491245,-90.1043531,restaurant
Jazz It Up,29.9529763,-90.1014282,bar
Laurel Street Bakery,29.9515384,-90.0998248,cafe
Mojo Coffee House,29.9349104,-90.1066004,cafe
Pita Paradise Mediterranean Grill,29.935063,-90.1065934,restaurant
Sucré,29.9350634,-90.1068783,restaurant
Chi Chi's,29.9348892,-90.1067884,restaurant
Baya Bar,29.9350508,-90.107013,restaurant
Ancora Pizzeria,29.9350546,-90.10448,restaurant
Bar Frances,29.9352132,-90.104994,restaurant
Pure Cake,29.9350636,-90.1089752,bakery
Mint Modern Vietnamese,29.9348013,-90.1094643,restaurant
Love Swimming,29.9159633,-90.1117405,sports_centre
Domilise's Po-Boy & Bar,29.9174602,-90.1123715,restaurant
Liberty Lumber Yard,29.91657,-90.1155794,doityourself
F&M Patio Bar,29.9168445,-90.1069893,bar
Wonderland & Sea,29.9165312,-90.1069863,restaurant
Dirty Coast,29.9210395,-90.1154526,clothes
Magic Box Toys,29.9209853,-90.1163983,toy_shop
Walgreens,29.9210309,-90.1165934,chemist
HiVolt Bakery,29.9214001,-90.1185478,restaurant
Reginelli's Pizzeria,29.9222349,-90.1212714,restaurant
Brothers III Lounge,29.9205135,-90.1033217,bar
Cherry Espresso Bar,29.9183368,-90.1079842,cafe
SAVEUR,29.9208774,-90.0987907,restaurant
Theo's Neighborhood Pizza,29.9208255,-90.0996364,restaurant
Uptown Costume and Dancewear,29.9205988,-90.10099,clothes
Magasin,29.9211009,-90.0992329,restaurant
Smashburger,29.9232662,-90.0878339,fast_food
Pete's Out In the Cold,29.9220999,-90.081236,bar
Sukho Thai,29.9217629,-90.0934154,restaurant
Pascal's Manale,29.9293578,-90.1026102,restaurant
Cochon,29.9422594,-90.0672516,restaurant
World Famous Corporation Bar & Grill,29.9419537,-90.0658935,bar
Peche Seafood Grill,29.9451888,-90.0691411,cafe
Emeril's,29.9446386,-90.0673486,restaurant
Cajun Market,29.9442442,-90.064818,convenience
"Pie, Pizza and Pasta",29.9443187,-90.0656429,restaurant
Restaurant Rebirth,29.9435687,-90.0654263,restaurant
Chez Clay,29.9435771,-90.0674404,arts_centre
La Boca,29.9434467,-90.0674426,restaurant
Dino's Bar & Grill,29.9399159,-90.066914,bar
Bakery Bar,29.9388699,-90.0686328,bakery
Barrel Proof,29.9391967,-90.0711708,bar
Gus’s World Famous Fried Chicken,29.9422842,-90.066116,restaurant
Subway,29.9264492,-90.0705096,fast_food
T-Mobile,29.9262967,-90.070389,mobile_phone_shop
Aroma Indian Cuisine,29.9243764,-90.0855042,restaurant
Funky Monkey,29.9242911,-90.0861572,clothes
Rum House,29.9240766,-90.0860308,restaurant
Amici Ristorante & Bar,29.9236258,-90.0868512,restaurant
Basin Seafood and Spirits,29.9235853,-90.0869447,restaurant
Salú Bistro and Bar,29.9235405,-90.087098,restaurant
Araña Taqueria y Cantina,29.9233658,-90.0874941,restaurant
Orleans Coffee,29.9265285,-90.0921315,cafe
Popeyes,29.9399486,-90.1018639,fast_food
Verret's Lounge,29.9325072,-90.0873167,bar
Little Korea BBQ,29.9289598,-90.0775557,restaurant
Stein's Market & Deli,29.9295319,-90.0771099,restaurant
District Donuts Sliders Brew,29.9294981,-90.0771649,restaurant
Parasol's,29.9264226,-90.0801554,restaurant
Coquette,29.926021,-90.0825129,restaurant
Chipotle,29.9261567,-90.0829088,fast_food
Half Moon Bar & Grill,29.9321155,-90.0742775,pub
Lily's Cafe,29.9320765,-90.0734416,restaurant
union ramen,29.9317561,-90.073869,restaurant
Gris-Gris,29.9318002,-90.0734114,restaurant
Crack'D Brunch,29.9320764,-90.0745127,restaurant
Ad Art,29.9315694,-90.0740904,artwork
Pho Tran,29.9309744,-90.0748926,restaurant
Juan's Flying Burrito,29.930612,-90.0749944,restaurant
Derby Pottery and Tile,29.930687,-90.0753431,gift_shop
Bon Ton Cafe,29.949594,-90.0680806,restaurant
Mother's Restaurant,29.9490291,-90.0671781,restaurant
Toula's Creole Kitchen,29.9508539,-90.0663722,cafe
Geisha Sushi Bistro,29.9507891,-90.0664033,cafe
Meyer The Hatter,29.9525777,-90.0694013,clothes
Crescent City Books,29.9537874,-90.0713891,bookshop
Mike Serio's Po-Boys,29.952524,-90.0697621,fast_food
Phở Tàu Bay,29.9564532,-90.0784931,restaurant
The Ruby Slipper Cafe,29.9509679,-90.0674108,cafe
Mulate's,29.9445185,-90.0649258,restaurant
BUZZ nola,29.9507371,-90.0674821,bicycle_shop
CHOPHOUSE NEW ORLEANS,29.9499206,-90.0677204,restaurant
Jazz Jumbo Cajun Country Store,29.9510163,-90.0663751,gift_shop
Carmo,29.9456135,-90.0698332,restaurant
Magnolia Hotel New Orleans,29.9509668,-90.0685054,hotel
Ernst Cafe,29.9471343,-90.0657535,cafe
Adventures in New Orleans Visitor’s Center,29.9511188,-90.0665427,travel_agent
Seaworthy,29.9478989,-90.0723094,restaurant
Congregation Coffee,29.9471189,-90.0698567,cafe
French Truck Coffee,29.9530497,-90.0694014,cafe
The Mercantile Hotel,29.9455618,-90.0659729,hotel
Museum of the Southern Jewish Experience,29.9441902,-90.0741992,museum
Raising Cane's,29.9394037,-90.0749388,fast_food
Auberge NOLA Hostel,29.9384996,-90.0775801,hostel
Saint Charles Surgical Hospital,29.9373014,-90.0771038,hospital
Sopo,29.9371195,-90.0766663,clothes
Gild's Steakhouse,29.963598,-90.0887728,restaurant
Norma's Sweets Bakery,29.9693342,-90.0884684,supermarket
HEY Coffee Co.,29.967906,-90.0834665,cafe
New Orleans School of Cooking,29.9567818,-90.0631345,gift_shop
Best of NOLA,29.955374,-90.0642016,gift_shop
Hotel Sainte Hélène,29.9559928,-90.0649988,hotel
Aerosoles,29.9568209,-90.0632214,shoe_shop
Cella's Boutique,29.9567969,-90.0632998,clothes
Rendezvous Lace & Linen,29.9569368,-90.0633316,clothes
Riverfront Gifts,29.9558027,-90.0638546,gift_shop
Laura's Candies,29.955851,-90.0638084,convenience
Golden Chips,29.9565431,-90.0643005,fast_food
Café Pontalba,29.957272,-90.063846,cafe
Café Maspero,29.9560518,-90.0635816,restaurant
Pepper Palace,29.9561668,-90.063479,gift_shop
J&J Gift Shop,29.9562047,-90.0634451,gift_shop
Big Easy Daiquiris & Pizza,29.9563138,-90.0633478,bar
Walgreens,29.9565842,-90.0633521,pharmacy
Tony Seville's Pirate's Alley Café and Olde Absinthe House,29.957994,-90.0641224,cafe
Faulkner House Books,29.9580413,-90.0641799,bookshop
Spitfire Coffee,29.9578524,-90.0644108,cafe
PJ's Coffee of New Orleans,29.9572234,-90.0639468,cafe
Gumbo Shop,29.9577273,-90.0647075,restaurant
Trashy Diva Corsets & Lingerie,29.9582172,-90.064474,clothes
Café du Monde,29.957561,-90.0618544,cafe
Muriel's Jackson Square Bistro,29.9584253,-90.0630864,restaurant
Voodoo Harley Davidson,29.9578244,-90.0616303,gift_shop
Grandad's General Store,29.957896,-90.0619236,gift_shop
Head To Toe,29.9579336,-90.0615326,clothes
What to See & Do in New Orleans,29.9579912,-90.0618396,travel_agent
Merry Christmas & All That Jazz,29.9580045,-90.0614655,gift_shop
Librairie Bookshop,29.9586777,-90.0628906,bookshop
WhatsNew,29.95806,-90.0614166,gift_shop
Decatur Clothing Co,29.9581667,-90.0616785,clothes
Belle Louisiane,29.9581241,-90.0613575,gift_shop
House of Peppers,29.9582508,-90.0615888,gift_shop
The Little Toy Shop,29.9583955,-90.061139,toy_shop
New Orleans Visitors Center,29.9584721,-90.0614024,tourist_info
Decatur Outlet,29.9585723,-90.0613117,gift_shop
A Tisket A Tasket,29.9585176,-90.0610372,gift_shop
Willie's Chicken Shack,29.958647,-90.0612389,restaurant
Decatur Optics,29.9585883,-90.0609523,optician
Crawdaddy & Company,29.9587518,-90.0611249,clothes
N'Awlins Sports,29.9586774,-90.0608368,gift_shop
Jazz Funeral,29.958922,-90.0609693,gift_shop
Frank's Restaurant,29.9589758,-90.0609206,restaurant
Jesters,29.9590245,-90.0608822,gift_shop
Pop City,29.9588625,-90.0605187,gift_shop
New Orleans Visitor Center,29.9590911,-90.0608284,tourist_info
Trashy Diva,29.957144,-90.0656652,clothes
Joe's French Quarter Wine Cellar,29.9592327,-90.0664466,beverages
Black Penny,29.9604474,-90.06822,bar
Arcadian Books & Art Prints,29.9585879,-90.0647626,bookshop
Fat Boy’s Pizza,29.9581522,-90.065155,fast_food
Toulouse Dive Bar,29.9576389,-90.0662611,bar
The Dungeon,29.9576548,-90.0662896,bar
Fritzel's Jazz Club,29.9592916,-90.065138,pub
Cafe Lafitte in Exile,29.9603663,-90.0641956,bar
Lafitte’s Blacksmith Shop,29.9610508,-90.0635754,bar
Holy Rosary Academy School,29.9812078,-90.0869519,school
Holy Rosary High School,29.981064,-90.0867996,school
Toast,29.9863943,-90.076385,restaurant
Kitchen Witch Cookbooks,29.9767018,-90.0770125,bookshop
Leo's Bread,29.9755337,-90.0762634,bakery
Velveteen Lounge & Restaurant,29.9772754,-90.0768344,restaurant
Winn-Dixie,30.0187611,-89.972315,supermarket
Resurrection of Our Lord School,30.024,-89.9725587,school
Saint Raphael School,30.0160359,-90.0595083,school
Subway,29.9522255,-90.0783269,fast_food
Smoothie King,29.9522822,-90.0783082,fast_food
Pizza Primo,29.9523429,-90.0782872,restaurant
Tonti's Hand,29.9526602,-90.0511972,restaurant
Faubourg Fresh Market,29.950784,-90.0512547,supermarket
Winn-Dixie,29.9235993,-90.0118608,supermarket
The Market Cafe,29.9591675,-90.060505,cafe
The Original French Market Restaurant & Bar,29.9592583,-90.0606753,restaurant
Café Sbisa,29.9594012,-90.0605459,restaurant
The Gazebo Café,29.9594552,-90.0602437,cafe
Decatur Gift,29.9595514,-90.0604209,gift_shop
Santa's Quarters,29.959682,-90.0602863,gift_shop
Latin’s Hand,29.9596031,-90.0597563,gift_shop
American Sports Saloon,29.9606269,-90.058991,bar
Aunt Tiki's,29.9609442,-90.0592514,bar
Riverside Gift Shop,29.9602763,-90.0592548,gift_shop
El Gato Negro,29.9609388,-90.058516,restaurant
Little People's Place,29.9663099,-90.0657609,pub
Saint Peter Claver Elementary School,29.9685324,-90.0735854,school
Edward B. Boettner 1937-2000,29.9273267,-90.0711837,memorial
City Market,29.9689686,-90.0564704,food_court
Emporium New Orleans,29.9689322,-90.0557304,bar
Seahorse Saloon,29.9818577,-90.0768858,bar
Liberty's Kitchen,29.9674912,-90.0846085,restaurant
Whole Foods Market,29.96718,-90.0844933,supermarket
Ruby Slipper Café,29.955262,-90.0716475,restaurant
Gator Country.,29.9534413,-90.0687281,gift_shop
Subway,29.9535102,-90.068655,fast_food
Smoothie King,29.9535487,-90.0685958,fast_food
Red Fish Grill,29.954368,-90.0695523,restaurant
Mahogany Jazz Hall,29.9532723,-90.0677342,bar
Capital One,29.9540654,-90.0684851,bank
Mango Mango Daiquiris,29.9548082,-90.0691655,bar
Mr. B's Bistro,29.9543264,-90.0682024,restaurant
Bourbon Street Drinkery,29.9550751,-90.068927,bar
French Truck Coffee,29.9538561,-90.0671739,cafe
Killer PoBoys,29.9557797,-90.0697771,restaurant
Old Absinthe House,29.9553574,-90.0684677,bar
Three Legged Dog,29.9575253,-90.0693741,bar
Bonjour,29.9545701,-90.0649469,gift_shop
Bayou Blue's Gifts & Souvenirs,29.9546635,-90.0648308,gift_shop
Big Easy Daiquiris & Pizza,29.9547007,-90.0648068,fast_food
K-Paul's Lousiana Kitchen,29.9552815,-90.0654808,restaurant
H&M,29.9549327,-90.0641838,clothes
Pierre Masparo's,29.9556815,-90.0652214,restaurant
Gumbo File,29.9551544,-90.0644282,gift_shop
Creole House Restaurant & Oyster Bar,29.9521899,-90.0671563,restaurant
New Orleans School of Cooking,29.9554589,-90.064843,school
New Orleans School of Cooking,29.9554589,-90.064843,gift_shop
NOLA,29.9555874,-90.0650674,restaurant
Palace Cafe,29.9529105,-90.0681761,restaurant
Dickie Brennan's Steakhouse,29.9542693,-90.0686729,restaurant
The 21st Amendment La Louisiane,29.9545083,-90.0687005,bar
GW Fins,29.955611,-90.0687725,restaurant
Mahony’s Po Boys & Seafood,29.9554766,-90.0701041,restaurant
The Corner Pocket,29.9581436,-90.0688554,nightclub
Pepp's Pub,29.9651407,-90.0514113,bar
The Orange Couch,29.964832,-90.0542216,cafe
Baldwin & Co. Coffee & Bookstore,29.968254,-90.0571143,bookshop
Bamboula’s,29.962929,-90.0578571,bar
Royal Frenchmen Hotel & Bar,29.964614,-90.057946,hotel
Margot's,29.9704068,-90.058201,restaurant
Robért Fresh Market,29.9683566,-90.0560904,supermarket
Arabella,29.9685363,-90.054805,restaurant
Bar Pomona,29.9686712,-90.0528792,restaurant
Saint James High School,30.0024345,-90.0480365,school
Robert Russa Moton Charter School,30.0027534,-90.0482726,school
Edward Hynes Charter School,30.002766,-90.0480577,school
Burnell's Lower 9th Ward Market,29.9713781,-90.012846,greengrocer
Lower Ninth Ward Living Museum,29.9648692,-90.0233684,museum
Bywater Bakery,29.9629993,-90.0391207,bakery
Mardi Gras Zone,29.9644755,-90.0503123,supermarket
New Orleans Community Print Shop & Darkroom,29.9664336,-90.0339801,arts_centre
Piety Street Wharf,29.9609036,-90.0445952,park
Cafe NOMA,29.986737,-90.0931598,restaurant
Moe's,30.0274151,-90.0705891,fast_food
The Sandbar,30.0277922,-90.0705983,bar
Doris Metropolitan,29.9570093,-90.0641013,restaurant
Le Petit Theatre,29.957464,-90.0641175,theatre
Katrina Memorial,30.0294983,-90.0671765,memorial
Subway,30.0290509,-90.0650149,fast_food
Sushic,30.0274533,-90.0704165,fast_food
UNO Bookstore,30.0291686,-90.0643383,bookshop
UNO Federal Credit Union,30.0313582,-90.0673481,bank
Mooyah,29.9441956,-90.0621865,fast_food
Raising Cane's,29.9440256,-90.0621627,fast_food
Subway,29.9420116,-90.0649885,fast_food
American Eagle Outfitters,29.94475,-90.0620016,clothes
Auntie Anne's,29.944736,-90.0622697,fast_food
Bananas,29.9446825,-90.0622566,fast_food
Green Leafs,29.9445967,-90.0622509,fast_food
Izzo's Illegal Burrito,29.9440908,-90.0621807,fast_food
Pei Wei,29.9443728,-90.0622073,restaurant
Mona's Cafe,29.9442854,-90.0621959,fast_food
Smoothie King,29.9445661,-90.0620037,fast_food
South Philly Steaks and Fries,29.9444294,-90.0622237,fast_food
Villa Italian Kitchen,29.9445284,-90.0622294,fast_food
Spotlight for u,29.9448828,-90.0622886,clothes
Consulate of Mexico,29.9420983,-90.065391,embassy
Hertz,29.9419661,-90.0647274,car_rental
The Spotted Cat,29.9687193,-90.0522245,restaurant
SukhoThai,29.9644961,-90.0562139,restaurant
Silk Road,29.9649515,-90.0519147,restaurant
Kebab,29.9691147,-90.053999,restaurant
The New Movement Theater,29.9685454,-90.0490599,theatre
Mudlark,29.9697908,-90.0490009,theatre
Indywood Theater,29.9665986,-90.0403681,cinema
Pizza Delicious,29.9624264,-90.0428774,restaurant
Stallings Recreation Center,29.9646336,-90.0323593,community_centre
Crescent City Brewhouse,29.9557185,-90.0639242,restaurant
Who Dat Coffee Cafe,29.9667791,-90.0541611,cafe
Arbor House Floral,29.9685545,-90.0521869,florist
Marie's Bar,29.9669213,-90.0520344,bar
Coast Roast Coffee,29.9692903,-90.0521158,cafe
Faubourg Wine Shop,29.9687704,-90.0479382,bar
Mayhaw at the Market,29.9695275,-90.0522122,bar
Dirty Dishes,29.9692379,-90.0528861,restaurant
The French Stall,29.9692407,-90.0521106,restaurant
Lin's Sushi & Poke,29.9692311,-90.0521946,restaurant
Elysian Seafood,29.969462,-90.0522072,restaurant
Laksa NOLA,29.96933,-90.0522082,restaurant
Red Apple,29.9744257,-90.0482999,restaurant
The Historic New Orleans Collection - Williams Research Center,29.955143,-90.0655895,museum
Museum of Death,29.9559271,-90.0696983,museum
IHOP,29.9544663,-90.0704117,restaurant
Ogden Museum of Southern Art,29.9435723,-90.0713431,museum
Forbes Theater,29.9432133,-90.0702609,museum
Louisiana Children's Museum,29.9899495,-90.0940194,museum
India House hostel,29.9680131,-90.0922563,hostel
Casamento's,29.9207257,-90.1010749,restaurant
Saturn Bar,29.9679094,-90.0442228,bar
Subway,29.9461593,-90.0785093,fast_food
Erin Rose / Killer Po Boys,29.9565283,-90.067964,bar
Elizabeth's,29.9615217,-90.0409218,restaurant
Liuzza's,29.9735079,-90.0953091,restaurant
Broad Theater,29.969848,-90.0833215,cinema
Neyow's Creole Cafe,29.9714736,-90.0923258,restaurant
The Fly,29.9205706,-90.1347157,attraction
Betsy's Pancake House,29.9643529,-90.0860278,restaurant
Mardi Gras Fountain,30.0273229,-90.1013687,fountain
Tubby & Coo's Mid-City Bookshop,29.9788108,-90.0964143,bookshop
Haifa Hookah Bar and Cafe,29.979044,-90.1078961,cafe
Mopho,29.9833078,-90.1048573,restaurant
Bud's Broiler,29.9833871,-90.1058814,fast_food
Burger King,29.9831973,-90.1054223,fast_food
Down the Hatch,29.9316931,-90.0745947,pub
Hivolt Coffee,29.9322769,-90.0744514,cafe
Pandora Snowballs,29.9807716,-90.0942366,cafe
Tiffany & Company,29.9511309,-90.0651107,jeweller
Anthropologie,29.9518234,-90.065454,clothes
Banana Republic,29.9516933,-90.0652609,clothes
BCBGMAXAZRIA,29.9513958,-90.0649203,clothes
Michael Kors,29.9512819,-90.0648183,clothes
PJ's Coffee,29.9520186,-90.0653682,cafe
Armani Collezioni,29.951175,-90.064703,clothes
La Galerie Hotel,29.9527396,-90.0666418,hotel
Bluegreen Club La Pension,29.9523689,-90.0669206,hotel
Molly's Rise and Shine,29.9280109,-90.0790617,restaurant
Red Dog Diner,29.9241445,-90.0859271,restaurant
Dat Dog,29.9230152,-90.0885264,fast_food
Cafe Abyssinia,29.92254,-90.0911203,restaurant
Cavan,29.9222129,-90.0919173,restaurant
Pho Cam Ly,29.9212374,-90.0945141,restaurant
Izzo's Illegal Burrito,29.9212092,-90.0978265,fast_food
Pomelo,29.9211571,-90.0984482,restaurant
Mona's Cafe,29.9209132,-90.0986106,restaurant
Que Rico! Cuban Cafe,29.9208468,-90.0992231,restaurant
Shaya,29.9210738,-90.099549,restaurant
La Petite Grocery,29.9208027,-90.1001089,restaurant
HEY! Café & Coffee Roastery,29.9207377,-90.1011334,cafe
Nomiya,29.9205101,-90.1032238,restaurant
La Boulangerie,29.9204677,-90.1039516,restaurant
Apolline,29.9206124,-90.105824,restaurant
Le Bon Temps Roulé,29.9205444,-90.1062274,bar
Surrey's Uptown,29.9205822,-90.1063605,restaurant
PIZZA domenica,29.9204553,-90.1088471,restaurant
Henry's Uptown Bar,29.9204823,-90.1101949,bar
PJ's Coffee,29.9208853,-90.1158809,cafe
Flaming Torch,29.9207303,-90.116044,restaurant
Medium Rare,29.9210889,-90.1169876,restaurant
Kenton's,29.9216133,-90.1185859,restaurant
Wishing Town Bakery Cafe,29.9217327,-90.1191039,cafe
Taqueria Corona,29.9217962,-90.1206119,restaurant
FRESH Bar,29.9229325,-90.1234143,restaurant
Chappy's,29.9227568,-90.123691,restaurant
The Tchoup Yard,29.9216561,-90.0764562,bar
Mister Mao,29.9171853,-90.1024521,restaurant
45 Tchoup,29.9170862,-90.1031605,bar
Grit's Bar,29.9173639,-90.1070345,bar
Luvi,29.916386,-90.1121897,restaurant
Consulate of Germany,29.9498964,-90.0754888,embassy
House of Blues,29.9532033,-90.0660795,restaurant
Trashy Diva,29.9302689,-90.0755297,clothes
The Revival Outpost,29.9540333,-90.0666834,clothes
MaMou,29.9627698,-90.0661353,restaurant
Meril Restaurant,29.9465764,-90.0683647,restaurant
KREWE du optic,29.9590702,-90.0637911,optician
Compac's Liquor,29.9568065,-90.0668477,beverages
The Everything Shoppe,29.9516353,-90.0672553,gift_shop
Café Amelie,29.9596157,-90.0631332,restaurant
Bayou Burger,29.9571646,-90.0670477,restaurant
French Market,29.9593429,-90.0602566,market_place
CVS Pharmacy,29.9481249,-90.0741614,pharmacy
Joan of Arc,29.9589765,-90.0606998,memorial
Community Commitment Education Centre,29.9562799,-90.1279424,community_centre
Stella's Cafe,29.9561137,-90.1281263,cafe
Scrap House Katrina Memorial Sculpture,29.9405919,-90.0647027,artwork
Starbucks,29.9262594,-90.0827287,cafe
New Orleans Hamburger & Seafood Co.,29.9268449,-90.0995056,restaurant
Charbonnet Family Pharmacy,30.0204144,-90.1149692,pharmacy
John J Audubon Statue,29.9241054,-90.1318952,memorial
Mojo Coffee House,29.9342888,-90.0723801,cafe
New Orleans Holocaust Memorial,29.952362,-90.0628538,memorial
New Orleans Holocaust Memorial,29.952362,-90.0628538,artwork
Hurricane Katrina Memorial,29.9806954,-90.1107034,memorial
Rouses,29.9580997,-90.0647874,supermarket
Bienville monument,29.9544913,-90.064719,monument
Bienville monument,29.9544913,-90.064719,artwork
Monument to the Immigrant,29.9536428,-90.0627458,monument
Monument to the Immigrant,29.9536428,-90.0627458,artwork
Old Man River,29.9554575,-90.0626203,artwork
Moonwalk,29.9566452,-90.0617253,memorial
Royal Carriages,29.9569295,-90.0627378,attraction
Ocean Song,29.9531432,-90.0632329,artwork
Second Line Sashay,29.960978,-90.0580799,artwork
Sacred Heart of Jesus,29.9582322,-90.0641112,artwork
Key West Hat Company,29.9548993,-90.0646339,clothes
New Orleans Visitors Center,29.9543725,-90.0650715,tourist_info
Theater,29.9550899,-90.0650869,theatre
Selective Creations,29.9549345,-90.0646103,gift_shop
The Impeccable Pig,29.9535682,-90.0651215,clothes
It's All about New Orleans & Jazz,29.9545071,-90.0649819,gift_shop
New Orleans Cookery & Spices,29.9532207,-90.0652792,gift_shop
Mask Factory,29.9555043,-90.0640932,gift_shop
New Orleans Hamburger & Seafood & Co.,29.955944,-90.0637005,restaurant
Rainbow Gifts,29.9555466,-90.0640402,gift_shop
Vans,29.9545964,-90.0643144,shoe_shop
Voodoo Gift,29.9562366,-90.0634101,gift_shop
Cafe Beignet,29.9559105,-90.063327,cafe
The Famous Gumbo Pot,29.9556718,-90.0631003,restaurant
CVS Pharmacy,29.9562827,-90.06297,pharmacy
New Orleans Famous Beignets & Coffee,29.9565009,-90.0626304,cafe
Voodoo Blues,29.9564072,-90.0628649,gift_shop
General Francisco Morazan Statue,29.9592721,-90.0706349,monument
General Francisco Morazan Statue,29.9592721,-90.0706349,artwork
Ideal Mart,29.9588837,-90.0703838,convenience
NOLA Couture,29.9570317,-90.0634831,clothes
Shushan's Clothing and Hats,29.957126,-90.0636228,clothes
OMG!,29.9572215,-90.0637574,gift_shop
A Simpler Time,29.9569023,-90.0632657,gift_shop
Muse Inspired Fashion,29.9570822,-90.0635514,clothes
Drago's Seafood Restaurant,29.9476851,-90.0633028,restaurant
River Stones,29.9421499,-90.0647663,artwork
Instrument Men Fountain,29.9581546,-90.0610743,fountain
Instrument Men Fountain,29.9581546,-90.0610743,artwork
Jacques the Butcher,29.9582767,-90.0610534,artwork
Michelle,29.9586565,-90.0606366,fountain
Michelle,29.9586565,-90.0606366,artwork
Martha - A Market Customer,29.9584621,-90.0609508,artwork
"Window into the Past, French Market Yesteryear",29.958651,-90.0606317,artwork
Place de Henriette Delille,29.9583933,-90.0643492,memorial
Jackie's Women's Apparel,29.9579894,-90.0625851,clothes
1850 House,29.957951,-90.0624908,gift_shop
1850 House,29.957951,-90.0624908,museum
Ma Sherie Amour,29.9578552,-90.0623777,gift_shop
The Little Toy Shop Jackson Square,29.9578058,-90.0623077,toy_shop
Stanley * Service Bar,29.958181,-90.0628559,bar
Tabasco Country Store,29.9581305,-90.0627854,gift_shop
Pro Image Sports,29.9577672,-90.0620191,gift_shop
Louisiana Official State Travel Information,29.9580386,-90.0626513,tourist_info
Monty's on the Square,29.9576842,-90.062099,restaurant
Road Kill,29.9584962,-90.06138,clothes
Legendary Walking Tours,29.9591091,-90.0608514,travel_agent
Sidney's Wine Cellar,29.9588164,-90.0610628,beverages
New Orleans Rental Services,29.9591221,-90.060874,bicycle_rental
Lalosh Silver,29.9595232,-90.0598846,jeweller
Baby One,29.9587759,-90.0606566,clothes
Everything New Orleans,29.9594609,-90.0604808,gift_shop
T-Shirt Shack,29.9596023,-90.0603712,gift_shop
Café du Monde Gift Shop,29.959862,-90.0601424,gift_shop
Uncle Wilbur's Emporium,29.9598944,-90.0601175,gift_shop
It's All About Me,29.9593359,-90.0606024,gift_shop
Pepper Palace,29.959879,-90.0597973,gift_shop
Lindsey's,29.9602295,-90.0592924,clothes
Sterling Silvia,29.9603112,-90.059185,jeweller
Fiorella's Cafe,29.960367,-90.0591228,cafe
Belle's Diner,29.9601795,-90.0593541,restaurant
Louisiana Pizza Kitchen French Quarter,29.9611066,-90.0582721,fast_food
Freenotes Harmony Park,29.9487518,-90.0629025,playground
New Orleans Jazz Museum,29.9614302,-90.0577754,museum
New Orleans Aids Memorial,29.9654323,-90.0573409,memorial
"Al ""Jumbo"" Hirt",29.9557674,-90.0683291,memorial
"Al ""Jumbo"" Hirt",29.9557674,-90.0683291,artwork
Pete Fountain,29.955779,-90.068316,memorial
Pete Fountain,29.955779,-90.068316,artwork
Irma Thomas,29.9558478,-90.0683623,memorial
Irma Thomas,29.9558478,-90.0683623,artwork
"Antoine ""Fats"" Domino",29.9557531,-90.0683414,memorial
"Antoine ""Fats"" Domino",29.9557531,-90.0683414,artwork
Louis Prima,29.9558515,-90.0684068,memorial
Louis Prima,29.9558515,-90.0684068,artwork
Chris Owens,29.9558116,-90.0683079,memorial
Chris Owens,29.9558116,-90.0683079,artwork
Allen Toussaint,29.9558257,-90.0684296,memorial
Allen Toussaint,29.9558257,-90.0684296,artwork
Ronnie Kole,29.9557875,-90.0683775,memorial
Ronnie Kole,29.9557875,-90.0683775,artwork
Sweet Pea & Tulip,29.9569039,-90.064212,clothes
UAL,29.9561651,-90.064867,clothes
Roux on Orleans,29.9586521,-90.0646169,restaurant
Jimmy White's Pub & Grill,29.9589328,-90.0652636,restaurant
Bourbon O Bar,29.9591115,-90.0651058,bar
Tropical Isle,29.9590948,-90.065287,bar
Tropical Isle,29.9590948,-90.065287,gift_shop
Gold Mine Saloon,29.9592919,-90.0665767,nightclub
BISTREAUX,29.9591326,-90.0681778,restaurant
Fahy's Irish Pub,29.9589389,-90.0681614,pub
Wow Café,29.9494129,-90.0660631,cafe
Café Adelaide,29.9483301,-90.0660856,restaurant
The Swizzle Stick Bar,29.9483338,-90.0662156,bar
Churchill,29.9480395,-90.0635197,artwork
Aiden Gill for Men,29.9474447,-90.0652114,hairdresser
Harrah's Employee Health Center,29.9474163,-90.0649316,clinic
Grand Isle,29.9471559,-90.064909,restaurant
Fulton St. Bistro | Bar,29.9456359,-90.0650863,restaurant
Fulton Alley,29.9469792,-90.0651925,restaurant
Fulton Alley,29.9469792,-90.0651925,sports_centre
Two Chicks Café,29.9420378,-90.0651202,cafe
Fulton Street Cafe,29.9420651,-90.0652302,cafe
Ventanilla de Salud,29.9421511,-90.0656189,clinic
Fulton Street Market,29.9418115,-90.0652462,convenience
Starbucks,29.9433717,-90.0648034,cafe
Pizza Hut,29.9280257,-90.0686159,restaurant
Edible Arrangements,29.9279275,-90.0687366,gift_shop
Pinky Nail Salon,29.9277379,-90.0689705,beauty_shop
Metro by T-Mobile,29.9274234,-90.0693588,mobile_phone_shop
Sterling Xpress,29.9293207,-90.0669346,convenience
New China Chinese Food,29.9275039,-90.0692593,fast_food
Diamond Street Bar & Grill,29.9422337,-90.0658914,restaurant
Four for Mardi Gras,29.9520167,-90.0678046,artwork
Golden File Nails and Spa,29.9507856,-90.0674856,beauty_shop
Cafe Beignet,29.9527456,-90.0689352,cafe
The Art of Shaving,29.9527838,-90.0689938,gift_shop
New Orleans Praline Company,29.9524687,-90.068513,convenience
Café du Monde,29.9459018,-90.0622104,cafe
Ole Saint,29.9537528,-90.0684268,restaurant
Felix's Restaurant & Oyster Bar,29.9546415,-90.068955,restaurant
Walgreens,29.9539685,-90.0682437,pharmacy
Café du Monde,29.9853065,-90.0950759,gift_shop
Patrick Butler Memorial,29.9840708,-90.0971221,fountain
Cornet,29.9586101,-90.0655638,restaurant
Arnaud's,29.9557409,-90.0686785,restaurant
Marquette House,29.934413,-90.0824384,hostel
Hurricane City,29.9562363,-90.067882,bar
Commerce,29.9508906,-90.0687799,restaurant
Satsuma Maple,29.94324,-90.1311076,cafe
Clesi's Crawfish & Catering,29.9786807,-90.1020272,restaurant
New Orleans Healing Center,29.9686492,-90.0524517,community_centre
Nordstrom Rack,29.9437022,-90.0620149,clothes
Humble bagel,29.934868,-90.1068875,bakery
Starbucks,30.0041491,-90.1054904,cafe
Red's Chinese,29.9675782,-90.0448769,restaurant
New Orleans Food Co-op,29.9682625,-90.0523776,supermarket
Cafe Istanbul,29.9683831,-90.0522064,cafe
Bearcat Cafe,29.9356438,-90.1041777,cafe
Warby Parker Frame Store,29.9210471,-90.0967354,optician
Buffalo Exchange,29.9211335,-90.0985282,clothes
Feet First,29.9208845,-90.0985026,clothes
Saint Vincent Guest House,29.9342332,-90.0728306,hotel
Five Guys,29.9775752,-90.0978289,fast_food
Oceana Grill,29.9562439,-90.0675989,restaurant
Deanie's Seafood,29.9553258,-90.0699279,restaurant
Maritime Security Operations Center,29.9210593,-90.0754919,police
The Chart Room,29.9542643,-90.0664916,bar
Blaze Pizza,29.9483995,-90.0752333,restaurant
The UPS Store,29.9395351,-90.0640833,post_office
Gold Elements,29.9457831,-90.0624358,hairdresser
Forever 21,29.9456861,-90.0624204,clothes
Skechers,29.9458348,-90.0624405,shoe_shop
Clarks Outlet,29.9459214,-90.0623225,shoe_shop
Locker Room,29.9457552,-90.0621931,sports_shop
Kay Jewelers Outlet,29.9458993,-90.06236,jeweller
Sunglass Hut,29.9459127,-90.0622333,optician
Carter's,29.9456141,-90.0624003,clothes
NOLA and Co,29.9457674,-90.0624499,gift_shop
Crabby Jacks General Store,29.9456675,-90.0624331,general
Popcorn Outlet,29.9455467,-90.0623889,kiosk
Journeys,29.9455019,-90.0623868,shoe_shop
Wireless Depot,29.9454281,-90.0623761,mobile_phone_shop
Great American Cookies,29.9453782,-90.0623734,fast_food
Wilsons Leather,29.9452759,-90.0623493,clothes
Famous Footwear Outlet,29.9455147,-90.0621649,shoe_shop
Champion,29.9453914,-90.0621342,clothes
Hanesbrands,29.9453351,-90.062117,clothes
Charlotte Russe,29.9452793,-90.0621076,clothes
Steve Madden,29.9452252,-90.0621011,shoe_shop
Rockport,29.9451578,-90.0620801,shoe_shop
New Balance Factory Outlet,29.9450959,-90.0620738,shoe_shop
Tommy Hilfiger,29.9450029,-90.0620528,clothes
Crocs,29.945176,-90.0623619,shoe_shop
Hot Topic,29.945125,-90.0623493,clothes
Mardi Gras Masquerade,29.945012,-90.0623198,gift_shop
The Vault,29.9449428,-90.0623093,shoe_shop
Blue Oak BBQ,29.9806232,-90.0938334,restaurant
Seed,29.9390825,-90.0734231,restaurant
Walmart Supercenter,30.005604,-90.037914,supermarket
Same Day Flower Delivery New Orleans,29.9996886,-90.0601631,florist
Nord Sculpture,29.9427335,-90.029997,artwork
Resurrection Statue,30.0231611,-89.9721485,artwork
Louis Armstrong Statue,29.9625021,-90.0685596,monument
equality Dignity freedom Civil Rights monument,29.9451762,-90.0899385,monument
Martin Luther King Jr. Memorial,29.9458979,-90.088816,monument
Roux Royale,29.9572295,-90.0653171,gift_shop
Melba's,29.9729059,-90.056745,restaurant
Aqueduct Fountain,29.9628572,-90.0682818,fountain
Wakin' Bakin',29.960846,-90.0652111,restaurant
NOLA Poboys,29.9603859,-90.0638757,restaurant
Luke,29.9507584,-90.0703522,restaurant
Bourbon House,29.9545942,-90.0691408,restaurant
SoBou,29.95445,-90.0664047,restaurant
Kingfish,29.9550532,-90.0661126,bar
The Bombay Club,29.9566005,-90.068422,bar
Chase,29.9549005,-90.067435,atm
Jamie Hayes Gallery,29.9570326,-90.0643133,artwork
The Art Garden & Floating Gallery,29.9639418,-90.0577134,artwork
Historic Oak Grove,29.984102,-90.096208,attraction
Café du Monde,29.9854336,-90.0951004,cafe
Stumptown Coffee Roasters,29.9484315,-90.0721001,cafe
Nola Poboys,29.9604249,-90.0639403,fast_food
Backatown Coffee Parlour,29.9580878,-90.0721051,cafe
Johnny Sanchez,29.9500182,-90.0740228,restaurant
Bouligny Tavern,29.9219301,-90.092885,restaurant
Catahoula Rooftop Bar,29.9518354,-90.0731028,bar
SoBou,29.9544351,-90.0663727,restaurant
The Country Club,29.962931,-90.043944,restaurant
Dryades Public Market,29.9424693,-90.0785727,restaurant
Superior Seafood & Oyster Bar,29.9262933,-90.1016998,restaurant
Gallier's,29.9532029,-90.0706911,restaurant
Luca Eats,29.9488541,-90.1198038,restaurant
Davenport Lounge,29.9547564,-90.0709252,nightclub
The Jazz Playhouse,29.9558177,-90.0680407,nightclub
Sweet Lorraine's Jazz Club,29.9684429,-90.0596218,nightclub
Dos Jefes Uptown Cigar Bar,29.9165533,-90.1181699,nightclub
Palm Court Jazz Cafe,29.9607625,-90.0590747,nightclub
Envie,29.9537915,-90.0653547,cafe
Drip Affogato Bar,29.9475048,-90.0726716,cafe
Antoine's Restaurant,29.9567166,-90.0664811,restaurant
Green Goddess,29.9547704,-90.0670242,restaurant
Ugly Dog Saloon & BBQ,29.942451,-90.0678305,pub
Paladin 511,29.962879,-90.0548768,restaurant
Satsuma Café,29.9638524,-90.0429236,cafe
Kako Gallery,29.9570132,-90.0655063,artwork
J’s Creole Wings,29.9727729,-90.0627306,restaurant
Touché Bar,29.9565157,-90.0659831,bar
Pharaoh’s Cave,29.9627612,-90.0605793,gift_shop
The Blue Crab,30.0258175,-90.1133741,restaurant
Royal Street Stones,29.9599863,-90.0629058,jeweller
Nonno's,29.9653607,-90.0590954,restaurant
Rock-n-Sake,29.943886,-90.0653976,restaurant
Lance's Barbershop - The Barber D,29.9729119,-90.0784251,hairdresser
The Daily Beet,29.9481714,-90.0755371,cafe
Boutique du Vampyre,29.9590572,-90.0641564,gift_shop
House of Voodoo,29.9594459,-90.0650159,gift_shop
Katrina National Memorial Museum,29.9652432,-90.0915308,museum
Willie's Pizza Wing Co.,29.9534971,-90.0690182,fast_food
Bean's Formal Wear,29.9348292,-90.1073928,clothes
Domino's,29.9348024,-90.1081391,fast_food
Blaze Pizza,29.9350697,-90.1085394,restaurant
CAVA,29.9350775,-90.1086374,restaurant
Bub's Grab and Go,29.9350853,-90.1088191,restaurant
Starbucks,29.9352713,-90.110969,cafe
Briquette,29.9460429,-90.0660858,restaurant
Fat Harry's,29.9263542,-90.1014783,pub
G2 Ltd.,29.9519015,-90.1170444,gift_shop
urban south brewery,29.9296609,-90.0666427,bar
Landry's Seafood House,29.9565191,-90.0627209,restaurant
Hurricane Katrina Memorial,29.9405886,-90.0647677,memorial
Esplanade Mini Mart (24h),29.9646992,-90.0615445,supermarket
The Ruby Slipper Cafe,29.9665544,-90.0589502,cafe
Maïs Arepas,29.9419108,-90.0750252,restaurant
PJ's Coffee,30.0264291,-90.054265,cafe
Sassafras Restaurant,30.0264143,-90.0545343,restaurant
Pamper & Polish,30.0264244,-90.0544462,beauty_shop
Casa N Orléans,29.9492314,-90.1051252,guesthouse
Domio,29.9451677,-90.0743379,hotel
Hex,29.9611013,-90.0590292,gift_shop
Lalaurie Mansion,29.9618773,-90.0612083,attraction
Fifi Mahony,29.9602396,-90.0626571,clothes
Forever New Orleans,29.9580491,-90.064633,gift_shop
Saints and Sinners,29.9583382,-90.0659899,restaurant
Defend New Orleans,29.9282463,-90.0792747,gift_shop
Perch,29.925534,-90.0834262,gift_shop
Lionheart Prints,29.923174,-90.0880802,stationery
Box Paper Scissor,29.9211851,-90.0950407,stationery
Nadine Blake,29.961117,-90.0618652,gift_shop
Crescent City Farmer’s Market,29.946393,-90.0727096,gift_shop
Plum,29.9312585,-90.0741244,clothes
Atchafalaya,29.9213213,-90.0877525,restaurant
Scriptura,29.9211366,-90.1156657,gift_shop
The Grove Street Press,29.9203597,-90.1131598,gift_shop
Sisters in Christ,29.9202551,-90.1113014,gift_shop
Sucre,29.9247891,-90.0852379,bakery
Petit Paris Market,29.9216752,-90.0938563,bakery
Bittersweet Confections,29.9463436,-90.0690823,bakery
Ruby Slipper Cafe,29.9528924,-90.0661676,restaurant
Sylvain,29.9571741,-90.0641648,restaurant
Tableau,29.9573917,-90.0640012,restaurant
Napoleon’s Itch,29.9592482,-90.0649919,bar
The Funky Pirate Blues Club,29.9592168,-90.0652129,bar
Huge Ass Beers,29.9579797,-90.0663259,bar
Dauphine Street Books,29.9570074,-90.0684015,bookshop
Broussard’s,29.9566094,-90.0680767,restaurant
Bayona,29.9570868,-90.0683542,restaurant
Bayou Bistro,29.9714403,-90.0923405,restaurant
Honorary Consul of the Federal Republic of Germany,29.9498071,-90.0698664,embassy
U-Slice Pizzeria,29.9388947,-90.0758883,restaurant
Toups South,29.940773,-90.0792258,restaurant
N7,29.9685895,-90.0456973,restaurant
PJ's Coffee of New Orleans,29.955285,-90.064289,cafe
Manchu Food Store Takeaway,29.9698653,-90.0686802,fast_food
Palace Market,29.9639591,-90.0576499,attraction
Louis Armstrong Park Entrance,29.9614351,-90.0677905,attraction
Voodoo Lounge,29.9607326,-90.0679926,bar
The Lost Sock Laundry,29.9619676,-90.0668697,laundry
Esplanade Food Store,29.9681034,-90.0671541,convenience
The Page,29.9595499,-90.0690917,bar
Mary's Ace Hardware,29.9610743,-90.0676743,doityourself
Rampart Treehouse,29.9611823,-90.0675982,bar
GrandPre's,29.9618607,-90.0669824,bar
Haunted Museum & Voodoo Pharmacy,29.9617543,-90.0670686,museum
Mahalia Jackson,29.9627391,-90.0691806,artwork
Chief Tootie,29.9615831,-90.0681885,artwork
Congo Square,29.9614175,-90.06824,artwork
French Opera,29.9622646,-90.0679387,artwork
"Charles ""Buddy"" Bolden",29.9622599,-90.0682315,artwork
Brass Band,29.9615492,-90.0679184,artwork
Sidney Bechet,29.962578,-90.0688876,artwork
Walgreens,30.0211879,-90.1127771,chemist
Robert Fresh Market,30.0205078,-90.1114534,supermarket
Chateau Cafe,30.0202408,-90.1114465,cafe
Jendiva 2001,29.9910164,-90.0986865,artwork
Flambeaux Bicycle Tours,29.9600701,-90.0686001,bicycle_shop
Benito Juarez Statue,29.9584576,-90.0713233,monument
Women Armed Forces,29.9551131,-90.0743194,monument
Vietnam War Monument,29.9571881,-90.0724727,monument
Stone Head,29.9553943,-90.0740536,artwork
Louis Armstrong,29.9542152,-90.0737904,monument
Hard Rock Cafe,29.9547024,-90.0692605,restaurant
French Truck Coffee,29.9416781,-90.1294488,cafe
Toast,29.9185475,-90.1165273,restaurant
Crescent City Pizza Works,29.9565188,-90.0677553,fast_food
Orleans Grapevine Bar and Bistro,29.9586995,-90.0649374,restaurant
Jewel of the South,29.9585553,-90.0694844,bar
Solomon Victory Theater,29.9426252,-90.070397,cinema
The American Sector,29.9421745,-90.0704199,restaurant
BB's Stage Door Canteen,29.9423448,-90.0703887,theatre
Good Bird,29.9350768,-90.1092331,restaurant
DP Dough,29.9348917,-90.1087266,restaurant
Einstein Bros. Bagels,29.985416,-90.1038087,fast_food
French Truck Coffee,29.9292459,-90.1045852,cafe
Le's Baguette Banh Mi Cafe,29.9293534,-90.1049647,restaurant
Popeyes,29.9614546,-90.1149579,fast_food
The Station,29.9785049,-90.1028963,cafe
Wendy's,29.961809,-90.1148882,fast_food
Moe's Southwest Grill,29.9475037,-90.113199,fast_food
Gracious Bakery,29.92451,-90.1085864,bakery
VooDoo BBQ & Grill,29.9391029,-90.0757575,restaurant
AT&T,29.9390887,-90.07524,mobile_phone_shop
Heirloom Furnishings,29.9395983,-90.0748382,furniture_shop
Parran's Po-Boys Uptown,29.9244969,-90.1083995,restaurant
CVS Pharmacy,29.9249049,-90.1081497,chemist
IBERIABANK,29.9249299,-90.108559,bank
La Crepe Nanou,29.9249284,-90.108971,restaurant
Waldorf Early Childhood Center,29.9312863,-90.0968793,kindergarten
Barracuda,29.9174225,-90.0962172,restaurant
Crescent City Veterinary Hospital,29.917085,-90.1164718,veterinary
Hopper's Wines & Spirits,29.9214837,-90.1172927,beverages
The Ruby Slipper,29.9259898,-90.0826561,restaurant
The Bead Shop,29.920445,-90.104237,jeweller
Humidity,29.9586182,-90.0616572,sports_shop
Café 102,30.0274642,-89.9155654,cafe
Café 351,30.0211301,-89.92154,cafe
McDonald's,29.9694684,-90.0496584,fast_food
The Daily Beet,29.9232745,-90.087761,fast_food
Pho Bang,30.0364619,-89.9126466,restaurant
Melba's,29.973076,-90.0564831,fast_food
French Truck Coffee,29.9492405,-90.070315,cafe
Wendy's,29.9400747,-90.1013504,fast_food
st roch market,29.9692752,-90.0501323,greengrocer
Desire Oyster Bar,29.9554957,-90.0683498,restaurant
Chick-fil-A,30.0290609,-90.06497,fast_food
Maison Bourbon,29.9585817,-90.0657855,bar
The Lazy Jack,30.0402956,-90.0131288,pub
Lakeshore Landing,30.0399574,-90.0130264,pub
Subway,29.9831247,-90.1048617,fast_food
Jamba,30.0298854,-90.0647156,fast_food
Pizza Hut,30.0283017,-89.9943068,restaurant
Subway,30.0281308,-89.9922166,fast_food
Boost Mobile,30.0283846,-89.9912918,mobile_phone_shop
Subway,30.0316508,-89.973508,fast_food
NOEH Emergency,30.0292289,-89.9756088,hospital
Mammoth Espresso,29.9459762,-90.0744582,cafe
Pepper Palace,29.9539128,-90.0668404,gift_shop
Pere Antoine Restaurant,29.958869,-90.0641361,restaurant
Urban Roots Garden Center,29.9220274,-90.0744527,garden_centre
Madame John's Legacy,29.9593997,-90.0630775,attraction
Edward Douglass White,29.9559821,-90.066422,artwork
Michoud Boulevard;Chào Mừng Quý Khách,30.034377,-89.929228,tourist_info
Đức Mẹ La Vang,30.0394908,-89.9196076,artwork
Birth of a Muse,29.9375358,-90.0745473,artwork
The Carol Pool,29.9342407,-90.079503,swimming_pool
Capital One,30.0186724,-90.1054971,bank
Ace Hardware,30.019118,-90.1055292,doityourself
MSAH,30.0191521,-90.1052166,veterinary
City Nails & Spa,30.0191876,-90.1053032,beauty_shop
The Carousel Bar & Lounge,29.9542557,-90.0679637,bar
Heavenly Sweets,30.0122164,-90.0606569,bakery
New York Nails,30.0119692,-90.0606415,beauty_shop
Capital One,29.9997188,-90.059751,bank
Boost Mobile,29.9986287,-90.0598334,mobile_phone_shop
Iberia Bank,29.9986431,-90.0595675,bank
Hollywood Nails & Spa,29.9986373,-90.0596745,beauty_shop
Angela Dry Cleaners,29.9986327,-90.0597602,laundry
Ashley Stewart,29.9982062,-90.0597758,clothes
Café at the Barnett,29.9483821,-90.0720999,restaurant
monkey board,29.9534152,-90.0746753,bar
Copper Vine,29.9506232,-90.0743502,restaurant
Monday,29.9787186,-90.1022003,restaurant
Mambo’s,29.9565641,-90.0675778,restaurant
Thalia market,29.9380989,-90.0702091,restaurant
Hot Tin,29.9350016,-90.0796778,bar
claret wine & cocktail bar,29.9376685,-90.0713603,restaurant
Cafe Noir,29.9655366,-90.1072874,cafe
Eastover,30.0389704,-89.954776,tourist_info
Rite Aid,30.038967,-89.9538323,pharmacy
Favela Chic,29.9633531,-90.0576369,bar
Sazerac Bar at The Roosevelt,29.9542008,-90.0721554,bar
London Lodge,29.97234,-90.1221225,motel
None,30.0065184,-90.0438423,shelter
None,30.0065775,-90.0437202,shelter
Morning Call,29.9825301,-90.1101629,cafe
Wendy's,29.9160138,-90.1186344,fast_food
Firehouse Subs,29.9209893,-90.0123183,fast_food
The House of The Rising Sun,29.9522354,-90.0523938,attraction
The Brown Mansion,29.9266542,-90.1060121,attraction
Hex: Old World Witchery,29.9611221,-90.0590756,attraction
Mystic Tea Leaves,29.9613891,-90.0589145,attraction
Rosenberg House,29.9259033,-90.1081766,attraction
Antebellum Guest House,29.9681167,-90.0663664,guesthouse
UpStairs Lounge Arson Memorial Plaque,29.9535906,-90.067567,memorial
Ruby Bridges,29.9766066,-90.0339736,artwork
LibertyX,29.9518557,-90.0736499,atm
Concentra Urgent Care,29.9518247,-90.0724188,clinic
Amy's,29.9168548,-90.116531,beauty_shop
Curio,29.9549583,-90.0675646,restaurant
The Elysian Bar,29.9669985,-90.0549688,bar
Audubon Insectarium,29.9513592,-90.0633176,zoo
NOLA Boards,29.9207971,-90.0999119,restaurant
Chase,29.9190865,-90.0105505,bank
Treehouse Cocktail Bar,29.9415443,-90.0784293,bar
Sofia,29.945342,-90.069725,restaurant
Lamothe House,29.9639119,-90.0587787,hotel
Pier 424 Seafood Market,29.9567243,-90.0672287,restaurant
HI Hostel New Orleans,29.9552489,-90.0726605,hostel
Hurts Donut Company,29.9501595,-90.076322,fast_food
Fourth Wall,29.9511289,-90.0693176,cafe
Starbucks,29.9222612,-90.121671,cafe
Comedy House New Orleans,29.9470236,-90.0654419,theatre
Peewee's Crabcakes,30.0029477,-90.037324,restaurant
Capital One,30.0011004,-90.0590264,bank
Creative Concepts in New Orleans LLC,29.9673643,-90.0749079,beauty_shop
Sucre,29.9545231,-90.068064,restaurant
Sugar & Spice Bakery,29.954831,-90.0677837,cafe
La Macarena Pupuseria & Latin Cafe,29.9441821,-90.1340356,restaurant
Hana Japanese,29.9441295,-90.1339681,restaurant
Hibernia Bank,29.9442617,-90.13378,bank
Pepperoni's Cafe,29.944357,-90.1339711,restaurant
MyEyeDr.,29.9426082,-90.1340961,optician
Ba Chi Canteen,29.9431901,-90.1313146,restaurant
Audubon Zoo Gift Shop,29.9235101,-90.1312725,gift_shop
Starbucks,29.9496706,-90.069921,cafe
Smoothie King,29.9496546,-90.0698299,fast_food
Nesbit’s Market,29.9448422,-90.0667288,convenience
Walmart Pharmacy,30.0052017,-90.0379539,pharmacy
Walmart Garden Center,30.0059169,-90.0384166,garden_centre
Redbox,30.0055011,-90.0382913,vending_any
CVS Pharmacy,29.940533,-90.1042872,pharmacy
Milano,29.945101,-90.0893059,shoe_shop
Queen's Beauty Supply,29.9451539,-90.0892349,beauty_shop
Cricket Wireless,29.945209,-90.0891564,mobile_phone_shop
Ulta Beauty,29.940728,-90.0949964,beauty_shop
Ross,29.9411715,-90.0941641,department_store
TJ Maxx,29.9410337,-90.0944667,department_store
Raising Cane's,29.9412596,-90.0957767,fast_food
Philly's Cafe,29.9419493,-90.0948295,cafe
Boost Mobile,29.9416737,-90.0947787,mobile_phone_shop
Starbucks,29.942989,-90.0953185,cafe
Wingstop,30.0042013,-90.0385438,fast_food
rue21,30.0035074,-90.0386121,clothes
Kids Foot Locker,30.0039832,-90.0384209,shoe_shop
LA,30.003891,-90.0383689,beauty_shop
AT&T,30.0029312,-90.0392125,mobile_phone_shop
Smoothie King,29.9217014,-90.0163812,fast_food
Majestic Cleaners,29.921617,-90.0162093,laundry
Shiny Nails + Hair,29.9215757,-90.0161391,beauty_shop
Planet Beach,29.9224012,-90.0155876,beauty_shop
La Favorita Market,29.9238197,-90.0180931,greengrocer
Honolulu Nails,29.9238185,-90.0178345,beauty_shop
Brother's Food Mart,29.9243459,-90.0182007,convenience
Chuck E. Cheese,29.9230701,-90.0193297,restaurant
CVS Pharmacy,30.0267871,-90.0532014,pharmacy
Nola Mia,29.9684936,-90.0557826,restaurant
Nola Poboys & Bar,29.9629364,-90.0575854,bar
The Roast Den,29.9693343,-90.05212,restaurant
Dolma,29.969282,-90.0522022,restaurant
Madame Vic's,29.9726803,-90.057443,bar
The Franklin,29.9656655,-90.0510061,bar
Quick Wash & Dry,29.9724596,-90.0574397,laundry
Subway,29.9687959,-90.0508681,fast_food
Morrow's,29.9687749,-90.0510821,restaurant
Mr. Ed's Oyster Bar & Fish House,29.940065,-90.0750482,restaurant
Melrose Mansion,29.9653716,-90.0622978,hotel
Rathbone Mansions,29.9671046,-90.0657399,hotel
Royal Sushi & Bar,29.9644454,-90.0591122,restaurant
University of New Orleans,30.0327796,-90.0687067,tourist_info
Malimo Coffee,29.9653047,-90.032844,cafe
Lowpoint,29.9667424,-90.0306557,cafe
Dashing Bicycles,29.9315794,-90.0746612,bicycle_shop
Cambria Hotel New Orleans Downtown Warehouse District,29.9468193,-90.0667297,hotel
Botanicals Nola,29.9659291,-90.0374976,fast_food
Galaxie Tacos,29.9674897,-90.0444571,restaurant
Rosalita's Backyard Tacos,29.9668308,-90.0414254,restaurant
Primary Care Women's Health,29.9665846,-90.0411219,clinic
Meld-Pro Pharmacy,29.9666072,-90.0386418,pharmacy
Mike's Food Store,29.9660199,-90.0378063,convenience
The Quisby,29.9408874,-90.0744292,hostel
YEP Bike Works,29.9402471,-90.0796253,bicycle_shop
Bokah Bikes,29.9652538,-90.0325688,bicycle_shop
Adrian's Bakery,30.0062928,-90.0747203,bakery
Bao Mi,29.9578939,-90.0829357,restaurant
Daisy Mae's Southern Fried Chicken & Breakfast,29.9500705,-90.0736924,restaurant
the flagpole,29.9721196,-90.0728951,cafe
Paper Machine,29.9586284,-90.0084545,arts_centre
The Brakeman Hotel,29.9597177,-90.0707937,hotel
Alex's Bikes,29.9639637,-90.0550365,bicycle_shop
Habana Outpost,29.9656005,-90.0635822,restaurant
House of Flower & Gifts,29.922884,-90.0895337,gift_shop
Simón Bolívar,29.9564412,-90.0731622,artwork
Key's Fuelmart,29.9645576,-90.0653444,convenience
Boss Status Nola,29.9717432,-90.0661044,shoe_shop
China Wall,29.9403125,-90.0986018,restaurant
City Donuts Cafe,29.9417303,-90.0967932,cafe
Saint John,29.9602756,-90.0597784,restaurant
Prytania Bar,29.9265458,-90.0920941,bar
Qi Qi,29.9265272,-90.0921719,bar
T-Mobile,29.9167226,-90.1150401,mobile_phone_shop
El Cucuy,29.9182233,-90.0894653,restaurant
Clean Juice,29.926226,-90.0827332,fast_food
Rowan,29.9213021,-90.0963642,jeweller
Zee's Pizzeria,29.9288358,-90.0972465,restaurant
Marine Layer,29.9213344,-90.0961598,clothes
Rubensteins,29.9528726,-90.0691001,clothes
Louis Armstrong's Birthplace,29.9606051,-90.0925242,memorial
New Orleans Municpal and Traffic Court,29.9543747,-90.0798048,courthouse
Orleans Parish Sheriff's Office Training Academy,29.9589879,-90.0936483,school
Louisiana Law Enforcement Officers Memorial,29.986572,-90.1169402,memorial
New Orleans Post Office,29.9482729,-90.0774822,post_office
John McDonogh,29.9531444,-90.0758889,artwork
George Washington,29.9539437,-90.0757622,artwork
Striding Man,29.9525903,-90.0759817,artwork
Morrison Memorial,29.952935,-90.0769146,memorial
Bywater Brew Pub,29.9637609,-90.047167,bar
Sir Cumference Playground,29.9887266,-90.0904112,playground
Riverboat City of New Orleans,29.9551858,-90.0622748,attraction
New Orleans Jazz National Historical Park,29.9584514,-90.0608153,tourist_info
Quarter House,29.953357,-90.0676539,hotel
Dave & Buster's,29.9505879,-90.0762038,restaurant
The Courtyard Brewery,29.9398897,-90.0718326,pub
PJ's Coffee House,29.9210953,-90.0113986,cafe
José Martí,29.9676654,-90.0962282,artwork
Irene's,29.9540525,-90.0662018,restaurant
The Beach on Bourbon,29.9553717,-90.0688897,bar
Deja Vieux Food Park,29.9293796,-90.0679396,fast_food
Ghost Manor,29.9273574,-90.0800461,attraction
Crescent City Pharmacy,29.9386579,-90.085965,pharmacy
Roulaison Distilling Co,29.9515726,-90.1003881,bar
Prince Conti Hotel,29.9565222,-90.0685799,hotel
Vue Orleans,29.9489614,-90.0635707,museum
Cleo's Mediterranean Cuisine,29.9524312,-90.0668591,restaurant
Mena's Palace,29.9534729,-90.0671981,restaurant
Concord Family Dental of New Orleans,29.9243219,-90.0176964,dentist
Tesla New Orleans,29.9209261,-90.0789175,car_dealership
Snapper's,29.954586,-90.070587,restaurant
Papier Plume,29.9595369,-90.063269,stationery
Toulouse Royale,29.9573619,-90.0654545,gift_shop
Zèle NOLA,29.9258195,-90.083508,gift_shop
LemonShark Poké.,29.9254657,-90.0840044,fast_food
west elm,29.9252691,-90.0845387,furniture_shop
Fleurty Girl,29.9241172,-90.0864432,gift_shop
Walgreens,29.9239178,-90.0870339,chemist
Chicory House,29.930032,-90.0847969,cafe
Judy's at the Rink,29.9301386,-90.0850214,gift_shop
Hotel Villa Convento,29.9606864,-90.061418,hotel
Backstreet Cultural Museum,29.9658317,-90.0701136,museum
Tacos & Beer,29.937779,-90.0760901,restaurant
Burger King,29.9374053,-90.0763926,fast_food
Sushi Brothers,29.9378999,-90.076015,restaurant
Magazine Pizza,29.9412194,-90.0703154,fast_food
Lula Restaurant Distillery,29.9383143,-90.0757076,restaurant
Flamingo A-Go-Go,29.9439659,-90.0697635,bar
True Food Kitchen,29.9458315,-90.0718772,restaurant
Elizabeth Street Cafe,29.9339284,-90.0728916,restaurant
Cafe Roma,29.938816,-90.0807031,cafe
Cafe Reconcile,29.9399142,-90.0803163,cafe
Petite Closet Cafe,29.9633719,-90.0454037,cafe
Markey's Bar,29.963018,-90.0438193,bar
NOLA Star Bar,29.9540215,-90.0748146,bar
Sonesta ES Suites,29.9541401,-90.0747817,hotel
Devil Moon,29.9482825,-90.0760846,restaurant
Surrey Cafe & Juice Bar,29.935778,-90.0719315,cafe
51FTH,29.940071,-90.0801939,beauty_shop
Casa Borrega,29.9394441,-90.0806653,restaurant
Papa John's,29.9448365,-90.0768438,fast_food
Tacos del Cartel,29.9480691,-90.0750364,restaurant
Voodoo Market,29.9531694,-90.068592,convenience
Voodoo Chicken & Daiquiris,29.9532168,-90.068673,fast_food
VooDoo Mart,29.9548915,-90.0721765,beverages
Acme Oyster House,29.9543755,-90.0688669,restaurant
Walgreens,29.954315,-90.0712797,chemist
Foot Locker,29.9534214,-90.0699831,shoe_shop
Kids Foot Locker,29.9534772,-90.0700443,shoe_shop
Magnolia Wine Company,29.9541067,-90.0709967,beverages
Blue Bayou,29.9536321,-90.0692712,restaurant
Willie's Chicken Shack,29.9535184,-90.0690809,fast_food
The Cannery,29.9772026,-90.0942279,attraction
TownePlace Suites,29.9582918,-90.0773126,hotel
BJ's Lounge,29.9628225,-90.0330928,bar
Shake Shack,29.9513199,-90.0658033,fast_food
Showcase Gentlemen's Club,29.9840925,-90.0714674,bar
Regarding Fresh ®,29.9528273,-90.0654608,clothes
McDonald's,29.9633554,-90.1119169,fast_food
Brutto Americano,29.9484188,-90.0720224,restaurant
Above the Grid,29.9520739,-90.0728208,restaurant
Public Service,29.9519129,-90.0728418,restaurant
The Jung Hotel & Residences,29.9572539,-90.0756604,hotel
Nesbit's Magazine Street Market,29.9505033,-90.0678212,supermarket
Henry's Gin Bar,29.9521453,-90.0729503,bar
Flour Moon Bagels,29.9678303,-90.083355,cafe
High-Five Pool Bar,29.9483772,-90.0718845,bar
Honorary Consul of Ireland,29.9849411,-90.1110582,embassy
McDonald's,29.9336646,-90.0077508,fast_food
McDonald's,30.0383527,-89.975647,fast_food
McDonald's,29.9288395,-90.0909079,fast_food
Pelican Pointe,29.9402091,-90.0990425,car_wash
Sukeban,29.9477791,-90.130453,bar
Zasu,29.9752982,-90.1001945,restaurant
Revel Cafe and Bar,29.97532,-90.1001213,restaurant
El Rinconcito,29.9755717,-90.0991184,pub
Bub's Burgers,29.9745958,-90.1066433,restaurant
French Truck Coffee,29.976086,-90.0955654,cafe
Bar Tonique,29.9616106,-90.0672165,bar
Felipe's Taqueria,29.9772104,-90.0981766,fast_food
Verizon,29.9774146,-90.0979847,mobile_phone_shop
Algiers,29.9294074,-90.041838,tourist_info
Yummy Yummy Chinese Restaurant,29.9756294,-90.0990407,restaurant
Addis Nola,29.9763138,-90.0765389,restaurant
Cupcake Fairies,29.9765218,-90.0766635,bakery
Rock N Roll Sushi,29.9446274,-90.0620118,restaurant
Le Petit Bleu,29.9292002,-90.0845476,restaurant
Krystal,29.9542156,-90.0694833,fast_food
Gateway,29.9547038,-90.0690496,bar
Olde NOLA Cookery,29.954888,-90.0690927,restaurant
Voodoo Blues,29.9552357,-90.0685836,gift_shop
Swiss Confectionery,29.9769305,-90.0927611,bakery
Burger Bar,29.9525595,-90.067699,fast_food
Dixie Market,29.9521679,-90.0670996,gift_shop
Decatur Barbershop & Salon,29.9523073,-90.0669722,hairdresser
Coterie NOLA,29.9528035,-90.0665376,restaurant
Video Productions USA,29.9326789,-90.0764965,video_shop
Regions Bank,29.9357759,-90.0776878,bank
Dance Quarter,29.9301847,-90.0908481,school
The Boot Bar and Gtrill,29.9411338,-90.1234851,bar
The Lobby Bar at the Barnett,29.9483279,-90.0721644,bar
Landry's Seafood,30.0263218,-90.11342,restaurant
Perk,29.9601297,-90.0685657,cafe
Dian Xin,29.9609746,-90.0588838,restaurant
Victoria's Bakery,29.9551979,-90.0697309,cafe
Zesty Creole,29.9543792,-90.0703917,restaurant
Facha Bubble Tea & Dessert,29.9538221,-90.065613,cafe
Red Lantern,29.9592588,-90.0635564,clothes
One More Pie,29.9600296,-90.0600077,restaurant
Transatlantic Slave Trade to Louisiana,29.9563615,-90.061964,memorial
Execution of Jean Baptist Baudrau II,29.9564899,-90.0618493,memorial
Pirate King Coffee,29.9549302,-90.0667539,cafe
Puma,29.9482925,-90.0624714,clothes
Sunglass Hut,29.9482492,-90.0623565,optician
Francesca's,29.9482128,-90.0623572,clothes
Ayu Bakehouse,29.965586,-90.0578355,bakery
Nesbit's Market,29.9617398,-90.0572622,convenience
Credit Human,29.9684106,-90.0571425,bank
Tartine,29.9315974,-90.1320304,restaurant
China House,30.0478596,-89.9633697,restaurant
East Seafood,30.0478063,-89.963183,restaurant
Patio 17,30.0404403,-89.9547777,restaurant
Baronne Discount,29.9406052,-90.0779989,convenience
Sunshine Park,29.9429719,-90.1343489,park
Dublin Park,29.9447754,-90.134147,park
Popeyes Louisiana Kitchen,29.9407253,-90.0746056,fast_food
Cats Neow,29.9587167,-90.065682,bar
Fat Catz Music Club,29.9569121,-90.0670672,bar
Lagniappe Bakehouse,29.9395677,-90.0794422,cafe
Boil Seafood House,29.9229644,-90.0886418,restaurant
Bar Redux,29.9616557,-90.032243,bar
tM breads & pastries,29.9516193,-90.0727692,bakery
Don Villavaso on the Bayou,29.9802,-90.0835004,restaurant
Gianna,29.9466053,-90.0686345,restaurant
BK Historic House and Gardens,29.9609749,-90.0608907,museum
JAMNOLA,29.9671052,-90.0582109,museum
Aroma Indian Cuisine,29.9557806,-90.081359,restaurant
We Dat's Chicken and Shrimp,29.9572744,-90.074544,restaurant
Subway,30.0210982,-90.1120803,fast_food
Shiny Nails,30.0211009,-90.1120304,beauty_shop
Smoothie King,30.021127,-90.1121645,fast_food
Ochsner Urgent Care,30.0211585,-90.112444,clinic
Celtica French Bakery,30.0198479,-90.1119261,bakery
Main Squeeze Juice Co.,30.0198589,-90.1120269,fast_food
Thai Zaap Express,30.0203957,-90.1146784,restaurant
Fidelity Bank,30.0201854,-90.1111158,bank
Pitot House,29.981941,-90.0891154,museum
Tigermen Den,29.963548,-90.045267,arts_centre
One Cleaners,29.9649462,-90.1104653,laundry
Circle K,29.965,-90.1099073,convenience
Foot Locker,29.9651337,-90.1118356,shoe_shop
